claim_id,material_claim,theorem_or_lemma,proof_or_checker,source_or_test,experiment,paper_figure_or_table,raw_result,maturity_state,fresh_recheck
C1,Committed-prefix free capacity equals initial free plus reclaimed occupied prefixes minus opposite-tier retained prefixes.,Prefix free-space identity (Lemma 1).,proofs/recovery-epochs.md §2; src/epoch_model.py free_at/replay.,tests/test_epoch_model.py::ValidationTests.test_prefix_identity_and_replay,Every returned schedule is replayed; all grid states use the identity.,"Main §2, Eq. (1); supplement §1-2; Fig. 1.",results/frontier/witnesses.json; all grid CSV rows.,proved-under-model; implementation finite-checked,"2026-09-26 targeted repair gate: 63 tests passed; the 71-record reference audit and manuscript citation closure passed; the strict 24-file result contract and independent ordered blocker certificate passed; the 12-body-page main paper and six-page supplement rebuilt with no hard LaTeX warnings, embedded fonts, and full-page/figure renders. General proofs remain handwritten and not independently reviewed."
C2,"From any completable ordered two-tier state, every legal oldest-prefix epoch preserves completion.",Opposite-action swap (Lemma 2); legal-step confluence (Theorem 3); safe work conservation.,proofs/recovery-epochs.md §3; src/epoch_dp.py confluence_audit.,tests/test_epoch_model.py::ExactnessTests.test_feasible_states_are_closed_under_legal_batches,Backward viability audit over every legal edge from every viable finite-grid state.,Main §3.1; Table 3; supplement §2.,"results/frontier/grid-summary.json: 1,490,305 viable states; 2,953,804 legal edges; 0 violations.",proved-under-model; finite-checked,"2026-09-26 targeted repair gate: 63 tests passed; the 71-record reference audit and manuscript citation closure passed; the strict 24-file result contract and independent ordered blocker certificate passed; the 12-body-page main paper and six-page supplement rebuilt with no hard LaTeX warnings, embedded fonts, and full-page/figure renders. General proofs remain handwritten and not independently reviewed."
C3,Ordered-prefix feasibility is decided by a linear scan; a blocked state is a locally checkable negative certificate.,Linear feasibility test (Theorem 5).,proofs/recovery-epochs.md §4; src/epoch_dp.py scan_feasibility/make_blocking_certificate; src/check_ordered_certificate.py.,tests/test_epoch_model.py::ExactnessTests.test_linear_scan_matches_exact_and_certifies_blocking; tests/test_ordered_contracts.py::OrderedCertificateTests,"Scan compared with exact reachability on all 254,016 grid instances.",Main §3.2; Table 3; supplement §3.,results/frontier/grid-summary.json: 0 scan disagreements; ordered-blocking-certificate.json independently validates.,proved-under-model; finite-checked,"2026-09-26 targeted repair gate: 63 tests passed; the 71-record reference audit and manuscript citation closure passed; the strict 24-file result contract and independent ordered blocker certificate passed; the 12-body-page main paper and six-page supplement rebuilt with no hard LaTeX warnings, embedded fonts, and full-page/figure renders. General proofs remain handwritten and not independently reviewed."
C4,Adjacent same-source epochs can be merged legally without increasing rounded-payload-plus-commit cost; some optimum alternates tiers.,Adjacent same-source merge (Lemma 6); alternating normal form (Corollary 7).,proofs/recovery-epochs.md §5; src/epoch_dp.py solve_normal_form/solve_unrestricted.,tests/test_epoch_model.py::ExactnessTests.test_adjacent_same_source_merge; test_three_exact_implementations_agree,Normal-form and unrestricted shortest paths compared on the full grid.,Main §3.3; supplement §4.,results/frontier/grid-summary.json: 0 solver disagreements and 0 normal-form violations.,proved-under-model; finite-checked,"2026-09-26 targeted repair gate: 63 tests passed; the 71-record reference audit and manuscript citation closure passed; the strict 24-file result contract and independent ordered blocker certificate passed; the 12-body-page main paper and six-page supplement rebuilt with no hard LaTeX warnings, embedded fonts, and full-page/figure renders. General proofs remain handwritten and not independently reviewed."
C5,The alternating dynamic program returns minimum modeled physical migration cost in O(n0*n1*(n0+n1)) time and O(n0*n1) space.,Exact optimizer (Theorem 8).,proofs/recovery-epochs.md §6; src/epoch_dp.py solve_normal_form; src/epoch_model.py replay.,tests/test_epoch_model.py::ExactnessTests.test_three_exact_implementations_agree,"Full-grid comparison with unrestricted DP; 5,184 no-memo exhaustive searches at f=(6,6), all feasible with OPT=LB; not the minimal-reserve frontier.",Main §3.3; Algorithm/recurrence (2); supplement §4.,results/frontier/grid-summary.json; grid part summaries: 0 cost/status disagreements.,proved-under-model; finite-checked,"2026-09-26 targeted repair gate: 63 tests passed; the 71-record reference audit and manuscript citation closure passed; the strict 24-file result contract and independent ordered blocker certificate passed; the 12-body-page main paper and six-page supplement rebuilt with no hard LaTeX warnings, embedded fonts, and full-page/figure renders. General proofs remain handwritten and not independently reviewed."
C6,"The per-source one-epoch cost is a lower bound; for mu>0, both nonempty tiers and final fit, it is attained iff one whole source initially fits.",Per-source lower bound (Lemma 9); two-epoch basin (Theorem 10).,proofs/recovery-epochs.md §7; src/epoch_model.py lower_bound/one_epoch_per_source_orders.,tests/test_epoch_model.py::ExactnessTests.test_one_epoch_basin_hits_lower_bound,Lower-bound status recorded for every exact-grid case and six cost sensitivities.,Main §3.4; Fig. 3; Tables 4-5; supplement §5 and §8.,results/frontier/frontier-cases.csv; sensitivity.csv; grid-summary.json.,proved-under-model; finite-checked,"2026-09-26 targeted repair gate: 63 tests passed; the 71-record reference audit and manuscript citation closure passed; the strict 24-file result contract and independent ordered blocker certificate passed; the 12-body-page main paper and six-page supplement rebuilt with no hard LaTeX warnings, embedded fonts, and full-page/figure renders. General proofs remain handwritten and not independently reviewed."
C7,Feasibility and every cost sublevel set are componentwise upward-closed in reserve; reserve splits can be searched exactly.,Reserve dominance (Proposition 11) and inverse-planning corollary.,proofs/recovery-epochs.md §8; src/epoch_dp.py exact solver over reserve vectors.,tests/test_epoch_model.py::ExactnessTests.test_reserve_dominance,All 49 reserve vectors per pattern retained; minimal-reserve frontier selected deterministically.,Main §3.5; Fig. 4; supplement §5.,results/frontier/frontier-cases.csv; slack-curve.csv.,proved-under-model; finite-checked,"2026-09-26 targeted repair gate: 63 tests passed; the 71-record reference audit and manuscript citation closure passed; the strict 24-file result contract and independent ordered blocker certificate passed; the 12-body-page main paper and six-page supplement rebuilt with no hard LaTeX warnings, embedded fonts, and full-page/figure renders. General proofs remain handwritten and not independently reviewed."
C8,"For n all-live unit segments per tier, reserve (r,r), and q>=2r, the optimum uses ceil(n/r)+1 epochs and costs (ceil(n/r)+1)(q+mu).",Unit-exchange frontier (Theorem 12).,proofs/recovery-epochs.md §9; src/epoch_dp.py solve_normal_form; run.py run_unit_exchange.,tests/test_epoch_model.py exactness tests plus formula campaign,"64 declared (n,r) points for n in {16,32,64,128} and r in 1..16.",Main §3.6; Fig. 4; supplement §6.,results/frontier/unit-exchange-frontier.csv; unit-exchange-summary.json: 0 disagreements.,proved-under-model; finite-checked,"2026-09-26 targeted repair gate: 63 tests passed; the 71-record reference audit and manuscript citation closure passed; the strict 24-file result contract and independent ordered blocker certificate passed; the 12-body-page main paper and six-page supplement rebuilt with no hard LaTeX warnings, embedded fonts, and full-page/figure renders. General proofs remain handwritten and not independently reviewed."
C9,"The complete declared grid contains 254,016 instances; all exact implementations, scan, confluence audit, and selected exhaustive oracles agree.","Finite implementation cross-check, not a theorem proof.",run.py; verify_results.py; src/epoch_dp.py.,tests/test_epoch_model.py; result-directory verifier.,"Four disjoint grid shards, aggregation, viability audit, and one no-memo search per pattern at maximal reserve corner (6,6), all OPT=LB.",Main §5-6; Table 3; supplement §7.,results/frontier/summary.json; grid-0..3.csv/json; grid-summary.json.,measured-complete-finite-domain,"2026-09-26 targeted repair gate: 63 tests passed; the 71-record reference audit and manuscript citation closure passed; the strict 24-file result contract and independent ordered blocker certificate passed; the 12-body-page main paper and six-page supplement rebuilt with no hard LaTeX warnings, embedded fonts, and full-page/figure renders. General proofs remain handwritten and not independently reviewed."
C10,"On minimal-reserve frontier instances, legal batching proxies all complete but can cost up to 2x the exact optimum; the result is proxy behavior, not an end-to-end cache comparison.",Corollary of confluence plus measured proxy schedules.,src/epoch_policies.py; src/epoch_model.py replay; run.py aggregate_grid.,tests/test_epoch_model.py::ExactnessTests.test_policy_results_replay_when_complete,"Four deterministic proxies on one minimal-reserve point per each of 5,184 patterns.",Main §4.1 and §6.3; Table 4; supplement §8.,results/frontier/baseline-summary.csv; frontier-cases.csv.,measured-bounded; interpretation-limited,"2026-09-26 targeted repair gate: 63 tests passed; the 71-record reference audit and manuscript citation closure passed; the strict 24-file result contract and independent ordered blocker certificate passed; the 12-body-page main paper and six-page supplement rebuilt with no hard LaTeX warnings, embedded fonts, and full-page/figure renders. General proofs remain handwritten and not independently reviewed."
C11,The abstract copy--flush--atomic-commit--reclaim protocol preserves every retained token at every modeled crash prefix; four premise-violating mutations are detected on every executed run.,Abstract recovery invariant (§10).,proofs/recovery-epochs.md §10; src/epoch_recovery.py.,tests/test_epoch_model.py::RecoveryTests,"1,024 schedules; 2,883 epochs; three mutation classes run 1,024 times, persisted-payload truncation 1,016 times with eight all-dead skips.",Main §4.2 and §6.6; Fig. 1; supplement §9.,"results/frontier/recovery-summary.json: 14,461 good prefixes/0 failures; per-class runs 1,024/1,024/1,016/1,024; 4,088 executed mutations/all detected.",proved-under-abstract-protocol; finite-checked,"2026-09-26 targeted repair gate: 63 tests passed; the 71-record reference audit and manuscript citation closure passed; the strict 24-file result contract and independent ordered blocker certificate passed; the 12-body-page main paper and six-page supplement rebuilt with no hard LaTeX warnings, embedded fonts, and full-page/figure renders. General proofs remain handwritten and not independently reviewed."
C12,"Two public 128-record excerpts validate parser, latest-version liveness, deterministic segmentation, raw-versus-allocation retained-byte accounting, common-slack reserve construction, optimization, policy, and replay integration only.",Mechanism integration claim; no workload-performance theorem.,src/trace_model.py; run.py run_trace; inputs/README.md.,tests/test_epoch_model.py::TraceTests,Two 64-record windows per dataset at tight and loose reserve: 8 rows.,Main §5.4 and §6.5; Table 6; supplement §10.,results/frontier/trace-results.csv; trace-certificates.json; trace-summary.json.,measured-mechanism-only,"2026-09-26 targeted repair gate: 63 tests passed; the 71-record reference audit and manuscript citation closure passed; the strict 24-file result contract and independent ordered blocker certificate passed; the 12-body-page main paper and six-page supplement rebuilt with no hard LaTeX warnings, embedded fonts, and full-page/figure renders. General proofs remain handwritten and not independently reviewed."
C13,Removing oldest-prefix order admits final-fit deadlocks and legal-choice stranding; the all-live boundary contains a direct 3-PARTITION reduction.,"Boundary counterexamples, normalization, reserve guard, and reduction.",proofs/unordered-boundary.md; src/oracle.py; src/check_certificate.py.,tests/test_unordered_boundary.py,"Complete 65,484-instance boundary grid, 4,096 reserve-family points, and reduction fixtures.",Main §7; supplement §11.,"results/unordered-boundary/summary.json: 1,856 final-fit infeasible; 598 feasible/order-sensitive.",proved-under-boundary-model; finite-checked; not core optimization claim,"2026-09-26 targeted repair gate: 63 tests passed; the 71-record reference audit and manuscript citation closure passed; the strict 24-file result contract and independent ordered blocker certificate passed; the 12-body-page main paper and six-page supplement rebuilt with no hard LaTeX warnings, embedded fonts, and full-page/figure renders. General proofs remain handwritten and not independently reviewed."
C14,"A separately implemented raw-tuple state search agrees with the core optimizers on the complete grid and on 20,000 additional fixed-seed cases; four metamorphic relations show zero violations.",Independent finite implementation audit; not a general proof.,src/independent_audit.py; run.py run_independent_audit; verify_results.py.,tests/test_independent_audit.py; result-directory verifier.,"Raw oracle on all 254,016 grid cases and 20,000 fixed-seed generated cases with free components in [0,12]; tier swap, reserve dominance, scaling, and adjacent merging.","Main §1, §5-6 and Table 3; supplement §7.","results/frontier/independent-audit.json: 144,534 states; 328,328 transitions; all six disagreement/violation counts zero.",measured-bounded; implementation-separated,"2026-09-26 targeted repair gate: 63 tests passed; the 71-record reference audit and manuscript citation closure passed; the strict 24-file result contract and independent ordered blocker certificate passed; the 12-body-page main paper and six-page supplement rebuilt with no hard LaTeX warnings, embedded fonts, and full-page/figure renders. General proofs remain handwritten and not independently reviewed."
C15,"The scholarly bibliography contains 71 unique article, conference-paper, or book records; all have a canonical DOI, official scholarly URL, or ISBN and all are cited in the manuscript.",Reference-integrity inventory; not a completeness or novelty theorem.,reference-audit.csv; validate_reference_audit.py.,tests/test_reference_audit.py; optional cross-check against paper/references.bib and both TeX sources.,"Structural, locator, duplicate, metadata, and citation-closure checks over 71 records.",Related work and bibliography; supplement citations.,reference-audit.csv: 71 rows; validator reports 71 scholarly records and manuscript closure checked.,metadata-rechecked; machine-validated; human novelty review still required,"2026-09-26 targeted repair gate: 63 tests passed; the 71-record reference audit and manuscript citation closure passed; the strict 24-file result contract and independent ordered blocker certificate passed; the 12-body-page main paper and six-page supplement rebuilt with no hard LaTeX warnings, embedded fonts, and full-page/figure renders. General proofs remain handwritten and not independently reviewed."
