resource_id,name,scholarly_or_official_url,license_or_access,access_date,resource_type,acquisition_method,integration_mode,supported_claim,internals_modified,inspection_status
R01,FAST 2027 call for papers,https://www.usenix.org/conference/fast27/call-for-papers,Public official page; no page text redistributed,2026-09-16,official venue rule,Official page and linked instructions inspected,Workflow contract only,12-page long-paper limit excluding references; one separate optional anonymous supplement; double blind,no,Live page rechecked
R02,USENIX conference paper templates,https://www.usenix.org/conferences/author-resources/paper-templates,USENIX-provided template family; supplied style notices preserved,2026-09-16,official template guide,Official page inspected; supplied style structurally checked,Unmodified supplied usenix.sty in paper/,US letter; two columns; 7x9 inch text block; 10-point Times-like type,no,Live page rechecked; no remote-byte identity claim
R03,USENIX authorship policy,https://www.usenix.org/conferences/authorship-policy,Public official policy,2026-09-16,official policy,Official page inspected,External-use governance only,Human authorship criteria; AI cannot be an author; venue-specific AI rules still control,no,Live page rechecked
R04,USENIX conference submissions policy,https://www.usenix.org/conferences/author-resources/submissions-policy,Public official policy,2026-09-16,official policy,Official page inspected,External-use governance only,Originality; no simultaneous submission; copyright and consent framework,no,Live page rechecked
L01,WiscKey: Separating Keys from Values in SSD-conscious Storage,https://www.usenix.org/conference/fast16/technical-sessions/presentation/lu,Open-access scholarly page; paper not redistributed,2026-09-16,FAST calibration paper,Official landing page and full paper sections inspected,Citation and pattern calibration,Key-value separation; GC and recovery evaluation pattern,no,Abstract; design; GC; recovery; evaluation inspected
L02,"SpanDB: A Fast, Cost-Effective LSM-tree Based KV Store on Hybrid Storage",https://www.usenix.org/conference/fast21/presentation/chen-hao,Open-access scholarly page; paper not redistributed,2026-09-16,FAST calibration paper,Official landing page and full paper sections inspected,Citation and pattern calibration,Hybrid-tier architecture and end-to-end evaluation expectations,no,Introduction; design; implementation; evaluation inspected
L03,SLM-DB: Single-Level Key-Value Store with Persistent Memory,https://www.usenix.org/conference/fast19/presentation/kaiyrakhmet,Open-access scholarly page; paper not redistributed,2026-09-16,FAST calibration paper,Official landing page and full paper sections inspected,Citation and pattern calibration,Persistent-tier layout and recovery evidence pattern,no,Introduction; architecture; recovery; evaluation inspected
L04,SepBIT: Separating Data via Block Invalidation Time Inference,https://www.usenix.org/conference/fast22/presentation/wang,Open-access scholarly page; paper not redistributed,2026-09-16,FAST calibration paper,Official landing page and full paper sections inspected,Citation and closest-systems comparison,Lifetime inference and placement reduce GC writes; outside frozen-retention model,no,Introduction; inference; placement; evaluation inspected
L05,MiDAS: Minimizing Write Amplification in Log-Structured Systems,https://www.usenix.org/conference/fast24/presentation/oh,Open-access scholarly page; paper not redistributed,2026-09-16,FAST calibration paper,Official landing page and full paper sections inspected,Citation and closest-systems comparison,Adaptive age-group count/size and application-write denominator,no,Introduction; model; design; evaluation inspected
L06,DOGI: Data Placement with Oracle-Guided Insights for Log-Structured Systems,https://www.usenix.org/conference/fast26/presentation/kim-jeeyun,Open-access scholarly page; paper not redistributed,2026-09-16,FAST calibration paper,Official landing page and full paper sections inspected,Citation and closest-systems comparison,Oracle-to-online placement methodology and SSD-management prior work,no,Introduction; oracle analysis; design; evaluation inspected
L07,MINOS: Towards a Theoretical WAF = 1 in Log-Structured Storage,https://www.usenix.org/conference/fast27/presentation/guo,Open-access prepublication paper; not redistributed,2026-09-16,FAST 2027 prepublication calibration paper,Official page and prepublication sections inspected,Citation and closest-systems comparison,Formal invalidation-separation oracle and online approximation bound broad WAF claims,no,Model; oracle; design; evaluation inspected
L08,F2FS: A New File System for Flash Storage,https://www.usenix.org/conference/fast15/technical-sessions/presentation/lee,Open-access scholarly page; paper not redistributed,2026-09-16,FAST calibration paper,Official landing page and full paper sections inspected,Citation and pattern calibration,"Flash-aware log layout, cleaning and recovery terminology",no,Introduction; layout; cleaning; recovery; evaluation inspected
L09,"ARC: A Self-Tuning, Low Overhead Replacement Cache",https://www.usenix.org/conference/fast-03/presentation/arc-self-tuning-low-overhead-replacement-cache,Open-access scholarly page; paper not redistributed,2026-09-16,FAST calibration paper,Official landing page and paper sections inspected,Citation and policy-evidence calibration,Adaptive replacement requires trace and hit-ratio evidence absent from proxy study,no,Algorithm; complexity; trace evaluation inspected
L10,RIPQ: Advanced Photo Caching on Flash for Facebook,https://www.usenix.org/conference/fast15/technical-sessions/presentation/tang,Open-access scholarly page; paper not redistributed,2026-09-16,FAST calibration paper,Official landing page and full paper sections inspected,Citation and closest-cache-system comparison,Flash cache priority framework; policy mapping; Facebook trace/device evidence,no,Workload; framework; algorithms; evaluation inspected
L11,Application Crash Consistency and Performance with CCFS,https://www.usenix.org/conference/fast17/technical-sessions/presentation/pillai,Open-access scholarly page; paper not redistributed,2026-09-16,FAST calibration paper,Official landing page and full paper sections inspected,Citation and crash-semantics calibration,Stream ordering abstraction and concrete crash-consistency evaluation,no,Semantics; design; implementation; evaluation inspected
L12,Consistency Without Ordering,https://www.usenix.org/conference/fast12/consistency-without-ordering,Open-access scholarly page; paper not redistributed,2026-09-16,FAST calibration paper,Official landing page and full paper sections inspected,Citation and ordering-mechanism calibration,Dependency-based consistency and performance without global ordering,no,Motivation; mechanism; correctness; evaluation inspected
L13,The Design and Implementation of a Log-Structured File System,https://doi.org/10.1145/146941.146943,Publisher metadata/author-access text; no paper redistributed,2026-09-16,influential core paper,Full paper sections and publisher metadata inspected,Foundational citation and pattern calibration,"Segment cleaning, write cost, recovery and evaluation vocabulary",no,Architecture; cleaning; recovery; evaluation inspected
L14,The Log-Structured Merge-Tree (LSM-Tree),https://doi.org/10.1007/s002360050048,Publisher metadata/author-access text; no paper redistributed,2026-09-16,influential core paper,Full paper sections and metadata inspected,Foundational citation and theory calibration,Amortized multi-component merge analysis,no,Model; analysis; variants/applications inspected
L15,Using Crash Hoare Logic for Certifying the FSCQ File System,https://doi.org/10.1145/2815400.2815402,Publisher metadata/author-access text; no paper redistributed,2026-09-16,influential core paper,Full paper sections and metadata inspected,Crash-correctness calibration,Machine-checked concrete crash safety sets a stronger claim boundary,no,Logic; verified implementation; recovery; evaluation inspected
L16,Finding Crash-Consistency Bugs with Bounded Black-Box Crash Testing,https://www.usenix.org/conference/osdi18/presentation/mohan,Open-access scholarly page; paper not redistributed,2026-09-16,influential core paper,Official landing page and full paper sections inspected,Crash-testing calibration,Bounded crash-prefix testing and bug-study evidence pattern,no,Method; workload construction; results inspected
L17,Monkey: Optimal Navigable Key-Value Store,https://doi.org/10.1145/3035918.3064054,Publisher metadata/author-access text; no paper redistributed,2026-09-16,influential core paper,Full paper sections and metadata inspected,Model-to-optimizer pattern calibration,"Analytical cost model, closed-form allocation and system validation",no,Model; optimization; implementation; evaluation inspected
L18,Flashield: A Hybrid Key-value Cache that Controls Flash Write Amplification,https://www.usenix.org/conference/nsdi19/presentation/eisenman,Open-access scholarly page; paper not redistributed,2026-09-16,adjacent systems paper,Official landing page and full paper sections inspected,Closest cache-system comparison,Admission supplies a variable-retention choice excluded from this model,no,Introduction; admission; architecture; evaluation inspected
L19,Kangaroo: Caching Billions of Tiny Objects on Flash,https://doi.org/10.1145/3477132.3483568,Publisher metadata/author-hosted text; no paper redistributed,2026-09-16,adjacent systems paper,Author/official paper and metadata inspected,Closest tiered-cache comparison,Small log plus set-associative flash cache; admission/DRAM/WA tradeoff,no,Architecture; analysis; implementation; evaluation inspected
L20,SIEVE is Simpler than LRU,https://www.usenix.org/conference/nsdi24/presentation/zhang-yazhuo,Open-access scholarly page; paper not redistributed,2026-09-16,adjacent systems paper,Official landing page and full paper sections inspected,Cache-policy evidence calibration,"Real eviction algorithms require broad trace, throughput and integration evidence",no,Algorithm; analysis; integrations; evaluation inspected
L21,SILK: Preventing Latency Spikes in Log-Structured Merge Key-Value Stores,https://www.usenix.org/conference/atc19/presentation/balmau,Open-access scholarly page; paper not redistributed,2026-09-16,adjacent systems paper,Official landing page and full paper sections inspected,Scheduling-system comparison,Compaction scheduling tied to foreground latency and implementation evidence,no,Motivation; scheduler; implementation; evaluation inspected
L22,PebblesDB: Building Key-Value Stores using Fragmented LSM Trees,https://doi.org/10.1145/3132747.3132765,Publisher metadata/author-access text; no paper redistributed,2026-09-16,adjacent systems paper,Full paper sections and metadata inspected,Compaction-layout comparison,"Fragmented guard hierarchy trades write, read and space amplification",no,Data structure; implementation; tradeoff evaluation inspected
T01,Cost-Oblivious Storage Reallocation,https://doi.org/10.1145/3070693,Publisher metadata/author manuscript; no paper redistributed,2026-09-16,closest theory,Full technical sections inspected,Citation and novelty adversary,Checkpointed old/new coexistence and workspace are established prior concepts,no,Model; checkpoints; bounds inspected
T02,The Alternating Stock Size Problem and the Gasoline Puzzle,https://doi.org/10.4230/LIPIcs.ESA.2016.71,Open proceedings/author manuscript; no paper redistributed,2026-09-16,closest theory,Full technical sections inspected,Citation and boundary calibration,Signed-prefix stock-size structure and 3-PARTITION relation,no,Problem formulation; bounds; hardness appendix inspected
T03,Competitive Data-Structure Dynamization,https://doi.org/10.1145/3672614,Publisher metadata/author manuscript; no paper redistributed,2026-09-16,closest theory,Full technical sections inspected,Citation and novelty adversary,Online component-limited rebuilding and LSM variants,no,Model; theorems; LSM discussion inspected
T04,Offline and Online Algorithms for SSD Management,https://doi.org/10.1145/3491045,Publisher metadata/author-access text; no paper redistributed,2026-09-16,closest theory,Technical model and main results inspected,Citation and comparator calibration,Offline/online SSD management is broader than frozen recovery epochs,no,Model; algorithms; competitive results inspected
T05,Optimal SSD Management with Predictions,https://doi.org/10.1145/3727122,Publisher metadata/author-access text; no paper redistributed,2026-09-16,closest theory,Technical model and main results inspected,Citation and comparator calibration,Prediction-assisted SSD management bounds broad policy novelty,no,Model; prediction interface; guarantees inspected
D01,libCacheSim repository,https://github.com/1a1a11a/libCacheSim,Repository under GPLv3; license copy included,2026-09-15,public input source,GitHub repository metadata and exact blob read,One 128-row excerpt retained,Parser/segmentation mechanism input and provenance,no,"README, data path and license inspected"
D02,CloudPhysics I/O CSV source,https://github.com/1a1a11a/libCacheSim/blob/master/data/cloudPhysicsIO.csv,GPLv3 via upstream repository,2026-09-15,public input file,Exact Git blob fd9dd5905a58ed7d2a12bd2fb0bcefd4928d07cb,Header plus first 128 rows copied unchanged,Public-format parser and liveness mechanism check,no,Selection rule and content checked
D03,Twitter cache trace repository,https://github.com/twitter/cache-trace,Repository data under CC BY 4.0; attribution/license copy included,2026-09-15,public input source,GitHub repository metadata and exact blob read,One 128-row excerpt retained,Parser/segmentation mechanism input and provenance,no,"README, sample layout and license inspected"
D04,Twitter cluster015 sample,https://github.com/twitter/cache-trace/blob/master/samples/2020Mar/cluster015,CC BY 4.0 via upstream repository,2026-09-15,public input file,Exact Git blob 1e6095ba836de4a79da3cbf58720cd2ee5cd6efa,First 128 rows copied; local schema header added,Public-format parser and liveness mechanism check,header only,Selection rule and content checked
L23,Efficient MRC Construction with SHARDS,https://www.usenix.org/conference/fast15/technical-sessions/presentation/waldspurger,Open-access scholarly page; paper not redistributed,2026-09-16,method citation,Official landing page and bibliographic record rechecked,Scholarly citation replacing a repository citation,Sampling-based miss-ratio-curve construction is established prior work,no,"Metadata, method framing, and evaluation role rechecked"
L24,FIFO Can Be Better than LRU: The Power of Lazy Promotion and Quick Demotion,https://doi.org/10.1145/3593856.3595887,Publisher metadata/author-access text; no paper redistributed,2026-09-16,adjacent cache-policy paper,DOI and bibliographic record rechecked,Current cache-policy context,Lazy promotion and quick demotion can make FIFO-family policies competitive,no,Metadata and mechanism framing rechecked
L25,FIFO Queues Are All You Need for Cache Eviction,https://doi.org/10.1145/3600006.3613147,Publisher metadata/author-access text; no paper redistributed,2026-09-16,adjacent cache-policy paper,DOI and bibliographic record rechecked,Current cache-policy context,S3-FIFO is a modern FIFO-family eviction design with broad trace evidence,no,"Metadata, policy structure, and evaluation role rechecked"
L26,Chipmunk: Investigating Crash-Consistency in Persistent-Memory File Systems,https://doi.org/10.1145/3552326.3567498,Publisher metadata/author-access text; no paper redistributed,2026-09-16,crash-testing citation,"DOI, authors, venue, and pages rechecked",Crash-consistency related-work calibration,Concrete persistent-memory crash-consistency testing is stronger than the abstract token checker,no,Metadata and claim boundary rechecked
