key,entry_type,year,title,venue,canonical_locator,locator_type,scholarly,cited_in_manuscript,verification_basis,checked_date,notes
lfs,article,1992,The Design and Implementation of a Log-Structured File System,ACM Transactions on Computer Systems,https://doi.org/10.1145/146941.146943,doi,yes,yes,doi_and_publisher_record_rechecked,2026-09-16,
lsm,article,1996,The Log-Structured Merge-Tree ({LSM}-Tree),Acta Informatica,https://doi.org/10.1007/s002360050048,doi,yes,yes,doi_and_publisher_record_rechecked,2026-09-16,
bigtable,inproceedings,2006,Bigtable: A Distributed Storage System for Structured Data,7th USENIX Symposium on Operating Systems Design and Implementation (OSDI 06),https://www.usenix.org/conference/osdi-06/bigtable-distributed-storage-system-structured-data,official_url,yes,yes,official_scholarly_page_rechecked,2026-09-16,
dynamo,inproceedings,2007,Dynamo: Amazon's Highly Available Key-value Store,21st ACM Symposium on Operating Systems Principles (SOSP),https://doi.org/10.1145/1294261.1294281,doi,yes,yes,doi_and_publisher_record_rechecked,2026-09-16,
cassandra,article,2010,Cassandra: A Decentralized Structured Storage System,ACM SIGOPS Operating Systems Review,https://doi.org/10.1145/1773912.1773922,doi,yes,yes,doi_and_publisher_record_rechecked,2026-09-16,
rocksdb,inproceedings,2021,Evolution of Development Priorities in Key-value Stores Serving Large-scale Applications: The {RocksDB} Experience,19th USENIX Conference on File and Storage Technologies (FAST 21),https://www.usenix.org/conference/fast21/presentation/dong,official_url,yes,yes,official_scholarly_page_rechecked,2026-09-16,"Inherited venue, pages, and locator corrected to the official FAST 2021 record."
monkey,inproceedings,2017,Monkey: Optimal Navigable Key-Value Store,2017 ACM International Conference on Management of Data (SIGMOD),https://doi.org/10.1145/3035918.3064054,doi,yes,yes,doi_and_publisher_record_rechecked,2026-09-16,
dostoevsky,inproceedings,2018,Dostoevsky: Better Space-Time Trade-Offs for {LSM}-Tree Based Key-Value Stores via Adaptive Removal of Superfluous Merging,2018 ACM International Conference on Management of Data (SIGMOD),https://doi.org/10.1145/3183713.3196927,doi,yes,yes,doi_and_publisher_record_rechecked,2026-09-16,
lsmsurvey,article,2020,{LSM}-based Storage Techniques: A Survey,The VLDB Journal,https://doi.org/10.1007/s00778-019-00555-y,doi,yes,yes,doi_and_publisher_record_rechecked,2026-09-16,
blsm,inproceedings,2012,bLSM: A General Purpose Log Structured Merge Tree,2012 ACM International Conference on Management of Data (SIGMOD),https://doi.org/10.1145/2213836.2213862,doi,yes,yes,doi_and_publisher_record_rechecked,2026-09-16,
wisckey,inproceedings,2016,{WiscKey}: Separating Keys from Values in {SSD-conscious} Storage,14th USENIX Conference on File and Storage Technologies (FAST 16),https://www.usenix.org/conference/fast16/technical-sessions/presentation/lu,official_url,yes,yes,official_scholarly_page_rechecked,2026-09-16,
pebblesdb,inproceedings,2017,PebblesDB: Building Key-Value Stores using Fragmented Log-Structured Merge Trees,26th ACM Symposium on Operating Systems Principles (SOSP),https://doi.org/10.1145/3132747.3132765,doi,yes,yes,doi_and_publisher_record_rechecked,2026-09-16,
slimdb,article,2017,SlimDB: A Space-Efficient Key-Value Storage Engine for Semi-Sorted Data,Proceedings of the VLDB Endowment,https://doi.org/10.14778/3130515.3130521,doi,yes,yes,doi_and_publisher_record_rechecked,2026-09-16,Canonical publication DOI used instead of a project-hosted locator.
lethe,inproceedings,2020,Lethe: A Tunable Delete-Aware {LSM} Engine,2020 ACM International Conference on Management of Data (SIGMOD),https://doi.org/10.1145/3318464.3389757,doi,yes,yes,doi_and_publisher_record_rechecked,2026-09-16,
accordion,article,2018,Accordion: Better Memory Organization for {LSM} Key-Value Stores,Proceedings of the VLDB Endowment,https://doi.org/10.14778/3229863.3229873,doi,yes,yes,doi_and_publisher_record_rechecked,2026-09-16,
compactiondesign,article,2021,Constructing and Analyzing the {LSM} Compaction Design Space,Proceedings of the VLDB Endowment,https://doi.org/10.14778/3476249.3476274,doi,yes,yes,doi_and_publisher_record_rechecked,2026-09-16,
silk,inproceedings,2019,{SILK}: Preventing Latency Spikes in Log-Structured Merge Key-Value Stores,2019 USENIX Annual Technical Conference (USENIX ATC 19),https://www.usenix.org/conference/atc19/presentation/balmau,official_url,yes,yes,official_scholarly_page_rechecked,2026-09-16,
spandb,inproceedings,2021,"{SpanDB}: A Fast, Cost-Effective {LSM-tree} Based {KV} Store on Hybrid Storage",19th USENIX Conference on File and Storage Technologies (FAST 21),https://www.usenix.org/conference/fast21/presentation/chen-hao,official_url,yes,yes,official_scholarly_page_rechecked,2026-09-16,
triad,inproceedings,2017,"{TRIAD}: Creating Synergies Between Memory, Disk and Log in Log Structured Key-Value Stores",2017 USENIX Annual Technical Conference (USENIX ATC 17),https://www.usenix.org/conference/atc17/technical-sessions/presentation/balmau,official_url,yes,yes,official_scholarly_page_rechecked,2026-09-16,
hashkv,inproceedings,2018,{HashKV}: Enabling Efficient Updates in {KV} Storage via Hashing,2018 USENIX Annual Technical Conference (USENIX ATC 18),https://www.usenix.org/conference/atc18/presentation/chan,official_url,yes,yes,official_scholarly_page_rechecked,2026-09-16,
slmdb,inproceedings,2019,{SLM-DB}: Single-Level Key-Value Store with Persistent Memory,17th USENIX Conference on File and Storage Technologies (FAST 19),https://www.usenix.org/conference/fast19/presentation/kaiyrakhmet,official_url,yes,yes,official_scholarly_page_rechecked,2026-09-16,
sepbit,inproceedings,2022,Separating Data via Block Invalidation Time Inference for Write Amplification Reduction in Log-Structured Storage,20th USENIX Conference on File and Storage Technologies (FAST 22),https://www.usenix.org/conference/fast22/presentation/wang,official_url,yes,yes,official_scholarly_page_rechecked,2026-09-16,
midas,inproceedings,2024,{MIDAS}: Minimizing Write Amplification in Log-Structured Systems through Adaptive Group Number and Size Configuration,22nd USENIX Conference on File and Storage Technologies (FAST 24),https://www.usenix.org/conference/fast24/presentation/oh,official_url,yes,yes,official_scholarly_page_rechecked,2026-09-16,
dogi,inproceedings,2026,{DOGI}: Data Placement with Oracle-Guided Insights for Log-Structured Systems,24th USENIX Conference on File and Storage Technologies (FAST 26),https://www.usenix.org/conference/fast26/presentation/kim-jeeyun,official_url,yes,yes,official_scholarly_page_rechecked,2026-09-16,
minos,inproceedings,2027,{MINOS}: Towards a Theoretical {WAF}=1 in Log-Structured Storage,25th USENIX Conference on File and Storage Technologies (FAST 27),https://www.usenix.org/conference/fast27/presentation/guo,official_url,yes,yes,official_prepublication_page_rechecked,2026-09-16,Official FAST 2027 prepublication record; bibliographic details must be rechecked before external submission.
f2fs,inproceedings,2015,{F2FS}: A New File System for Flash Storage,13th USENIX Conference on File and Storage Technologies (FAST 15),https://www.usenix.org/conference/fast15/technical-sessions/presentation/lee,official_url,yes,yes,official_scholarly_page_rechecked,2026-09-16,
belady,article,1966,A Study of Replacement Algorithms for a Virtual-Storage Computer,IBM Systems Journal,https://doi.org/10.1147/sj.52.0078,doi,yes,yes,doi_and_publisher_record_rechecked,2026-09-16,
twoq,inproceedings,1994,{2Q}: A Low Overhead High Performance Buffer Management Replacement Algorithm,20th International Conference on Very Large Data Bases (VLDB),https://www.vldb.org/conf/1994/P439.PDF,official_url,yes,yes,official_scholarly_page_rechecked,2026-09-16,
lirs,inproceedings,2002,{LIRS}: An Efficient Low Inter-reference Recency Set Replacement Policy to Improve Buffer Cache Performance,ACM SIGMETRICS,https://doi.org/10.1145/511334.511340,doi,yes,yes,doi_and_publisher_record_rechecked,2026-09-16,
arc,inproceedings,2003,"{ARC}: A Self-Tuning, Low Overhead Replacement Cache",2nd USENIX Conference on File and Storage Technologies (FAST 03),https://www.usenix.org/conference/fast-03/arc-self-tuning-low-overhead-replacement-cache,official_url,yes,yes,official_scholarly_page_rechecked,2026-09-16,
clockpro,inproceedings,2005,{CLOCK-Pro}: An Effective Improvement of the {CLOCK} Replacement,2005 USENIX Annual Technical Conference (USENIX ATC 05),https://www.usenix.org/conference/2005-usenix-annual-technical-conference/clock-pro-effective-improvement-clock-replacement,official_url,yes,yes,official_scholarly_page_rechecked,2026-09-16,Canonical current USENIX scholarly page used instead of a legacy direct-PDF path.
tinylfu,article,2017,{TinyLFU}: A Highly Efficient Cache Admission Policy,ACM Transactions on Storage,https://doi.org/10.1145/3149371,doi,yes,yes,doi_and_publisher_record_rechecked,2026-09-16,
adaptsize,inproceedings,2017,AdaptSize: Orchestrating the Hot Object Memory Cache in a Content Delivery Network,14th USENIX Symposium on Networked Systems Design and Implementation (NSDI 17),https://www.usenix.org/conference/nsdi17/technical-sessions/presentation/berger,official_url,yes,yes,official_scholarly_page_rechecked,2026-09-16,
lhd,inproceedings,2018,{LHD}: Improving Cache Hit Rate by Maximizing Hit Density,15th USENIX Symposium on Networked Systems Design and Implementation (NSDI 18),https://www.usenix.org/conference/nsdi18/presentation/beckmann,official_url,yes,yes,official_scholarly_page_rechecked,2026-09-16,
sieve,inproceedings,2024,{SIEVE} is Simpler than {LRU}: an Efficient Turn-Key Eviction Algorithm for Web Caches,21st USENIX Symposium on Networked Systems Design and Implementation (NSDI 24),https://www.usenix.org/conference/nsdi24/presentation/zhang-yazhuo,official_url,yes,yes,official_scholarly_page_rechecked,2026-09-16,
segcache,inproceedings,2021,Segcache: A Memory-Efficient and Scalable In-Memory Key-Value Cache for Small Objects,18th USENIX Symposium on Networked Systems Design and Implementation (NSDI 21),https://www.usenix.org/conference/nsdi21/presentation/yang-juncheng,official_url,yes,yes,official_scholarly_page_rechecked,2026-09-16,
cachelib,inproceedings,2020,The CacheLib Caching Engine: Design and Experiences at Scale,14th USENIX Symposium on Operating Systems Design and Implementation (OSDI 20),https://www.usenix.org/conference/osdi20/presentation/berg,official_url,yes,yes,official_scholarly_page_rechecked,2026-09-16,
flashield,inproceedings,2019,Flashield: A Hybrid Key-Value Cache that Controls Flash Write Amplification,16th USENIX Symposium on Networked Systems Design and Implementation (NSDI 19),https://www.usenix.org/conference/nsdi19/presentation/eisenman,official_url,yes,yes,official_scholarly_page_rechecked,2026-09-16,
kangaroo,inproceedings,2021,Kangaroo: Caching Billions of Tiny Objects on Flash,28th ACM Symposium on Operating Systems Principles (SOSP),https://doi.org/10.1145/3477132.3483568,doi,yes,yes,doi_and_publisher_record_rechecked,2026-09-16,
ripq,inproceedings,2015,{RIPQ}: Advanced Photo Caching on Flash for Facebook,13th USENIX Conference on File and Storage Technologies (FAST 15),https://www.usenix.org/conference/fast15/technical-sessions/presentation/tang,official_url,yes,yes,official_scholarly_page_rechecked,2026-09-16,
silt,inproceedings,2011,"{SILT}: A Memory-Efficient, High-Performance Key-Value Store",23rd ACM Symposium on Operating Systems Principles (SOSP),https://doi.org/10.1145/2043556.2043558,doi,yes,yes,doi_and_publisher_record_rechecked,2026-09-16,
fawn,inproceedings,2009,{FAWN}: A Fast Array of Wimpy Nodes,22nd ACM Symposium on Operating Systems Principles (SOSP),https://doi.org/10.1145/1629575.1629577,doi,yes,yes,doi_and_publisher_record_rechecked,2026-09-16,
memc3,inproceedings,2013,{MemC3}: Compact and Concurrent MemCache with Dumber Caching and Smarter Hashing,10th USENIX Symposium on Networked Systems Design and Implementation (NSDI 13),https://www.usenix.org/conference/nsdi13/technical-sessions/presentation/fan,official_url,yes,yes,official_scholarly_page_rechecked,2026-09-16,
facebookmemcache,inproceedings,2013,Scaling Memcache at Facebook,10th USENIX Symposium on Networked Systems Design and Implementation (NSDI 13),https://www.usenix.org/conference/nsdi13/technical-sessions/presentation/nishtala,official_url,yes,yes,official_scholarly_page_rechecked,2026-09-16,
twittertraces,inproceedings,2020,A Large Scale Analysis of Hundreds of In-Memory Cache Clusters at Twitter,14th USENIX Symposium on Operating Systems Design and Implementation (OSDI 20),https://www.usenix.org/conference/osdi20/presentation/yang,official_url,yes,yes,official_scholarly_page_rechecked,2026-09-16,
lrb,inproceedings,2020,Learning Relaxed Belady for Content Distribution Network Caching,17th USENIX Symposium on Networked Systems Design and Implementation (NSDI 20),https://www.usenix.org/conference/nsdi20/presentation/song,official_url,yes,yes,official_scholarly_page_rechecked,2026-09-16,
seer,inproceedings,2024,Seer: Enabling Future-Aware Online Caching in Networked Systems,21st USENIX Symposium on Networked Systems Design and Implementation (NSDI 24),https://www.usenix.org/conference/nsdi24/presentation/lei,official_url,yes,yes,official_scholarly_page_rechecked,2026-09-16,
aries,article,1992,{ARIES}: A Transaction Recovery Method Supporting Fine-Granularity Locking and Partial Rollbacks Using Write-Ahead Logging,ACM Transactions on Database Systems,https://doi.org/10.1145/128765.128770,doi,yes,yes,doi_and_publisher_record_rechecked,2026-09-16,
softupdates,article,2000,Soft Updates: A Solution to the Metadata Update Problem in File Systems,ACM Transactions on Computer Systems,https://doi.org/10.1145/350853.350863,doi,yes,yes,doi_and_publisher_record_rechecked,2026-09-16,
featherstitch,inproceedings,2007,Generalized File System Dependencies,21st ACM Symposium on Operating Systems Principles (SOSP),https://doi.org/10.1145/1294261.1294291,doi,yes,yes,doi_and_publisher_record_rechecked,2026-09-16,Inherited DOI suffix corrected against the publisher record.
alice,inproceedings,2014,All File Systems Are Not Created Equal: On the Complexity of Crafting Crash-Consistent Applications,11th USENIX Symposium on Operating Systems Design and Implementation (OSDI 14),https://www.usenix.org/conference/osdi14/technical-sessions/presentation/pillai,official_url,yes,yes,official_scholarly_page_rechecked,2026-09-16,
fscq,inproceedings,2015,Using Crash Hoare Logic for Certifying the {FSCQ} File System,25th ACM Symposium on Operating Systems Principles (SOSP),https://doi.org/10.1145/2815400.2815402,doi,yes,yes,doi_and_publisher_record_rechecked,2026-09-16,
ccfs,inproceedings,2017,Application Crash Consistency and Performance with {CCFS},15th USENIX Conference on File and Storage Technologies (FAST 17),https://www.usenix.org/conference/fast17/technical-sessions/presentation/pillai,official_url,yes,yes,official_scholarly_page_rechecked,2026-09-16,
dfscq,inproceedings,2017,Verifying a High-Performance Crash-Safe File System Using a Tree Specification,26th ACM Symposium on Operating Systems Principles (SOSP),https://doi.org/10.1145/3132747.3132776,doi,yes,yes,doi_and_publisher_record_rechecked,2026-09-16,Inherited conflated record replaced by the SOSP 2017 paper identified by this DOI.
crashmonkey,inproceedings,2018,Finding Crash-Consistency Bugs with Bounded Black-Box Crash Testing,13th USENIX Symposium on Operating Systems Design and Implementation (OSDI 18),https://www.usenix.org/conference/osdi18/presentation/mohan,official_url,yes,yes,official_scholarly_page_rechecked,2026-09-16,
yggdrasil,inproceedings,2016,Push-Button Verification of File Systems via Crash Refinement,12th USENIX Symposium on Operating Systems Design and Implementation (OSDI 16),https://www.usenix.org/conference/osdi16/technical-sessions/presentation/sigurbjarnarson,official_url,yes,yes,official_scholarly_page_rechecked,2026-09-16,
chipmunk,inproceedings,2023,Chipmunk: Investigating Crash-Consistency in Persistent-Memory File Systems,18th European Conference on Computer Systems (EuroSys 23),https://doi.org/10.1145/3552326.3567498,doi,yes,yes,doi_and_publisher_record_rechecked,2026-09-16,Replaces an inherited conflation labeled FlyTrap with a peer-reviewed EuroSys 2023 paper.
squirrelfs,inproceedings,2024,{SquirrelFS}: Using the Rust Compiler to Check File-System Crash Consistency,18th USENIX Symposium on Operating Systems Design and Implementation (OSDI 24),https://www.usenix.org/conference/osdi24/presentation/leblanc,official_url,yes,yes,official_scholarly_page_rechecked,2026-09-16,Page range rechecked against the official OSDI 2024 record.
scftl,inproceedings,2020,Determinizing Crash Behavior with a Verified Snapshot-Consistent Flash Translation Layer,14th USENIX Symposium on Operating Systems Design and Implementation (OSDI 20),https://www.usenix.org/conference/osdi20/presentation/chang,official_url,yes,yes,official_scholarly_page_rechecked,2026-09-16,Inherited page range corrected to the official OSDI 2020 record.
nofs,inproceedings,2012,Consistency Without Ordering,10th USENIX Conference on File and Storage Technologies (FAST 12),https://www.usenix.org/conference/fast12/consistency-without-ordering,official_url,yes,yes,official_scholarly_page_rechecked,2026-09-16,
bender,article,2017,Cost-Oblivious Storage Reallocation,ACM Transactions on Algorithms,https://doi.org/10.1145/3070693,doi,yes,yes,doi_and_publisher_record_rechecked,2026-09-16,
stock,inproceedings,2016,The Alternating Stock Size Problem and the Gasoline Puzzle,24th Annual European Symposium on Algorithms (ESA),https://doi.org/10.4230/LIPIcs.ESA.2016.71,doi,yes,yes,doi_and_publisher_record_rechecked,2026-09-16,
dynamization,article,2024,Competitive Data-Structure Dynamization,ACM Transactions on Algorithms,https://doi.org/10.1145/3672614,doi,yes,yes,doi_and_publisher_record_rechecked,2026-09-16,Inherited journal metadata normalized against the DOI record.
av,article,1988,The Input/Output Complexity of Sorting and Related Problems,Communications of the ACM,https://doi.org/10.1145/48529.48535,doi,yes,yes,doi_and_publisher_record_rechecked,2026-09-16,
linearizability,article,1990,Linearizability: A Correctness Condition for Concurrent Objects,ACM Transactions on Programming Languages and Systems,https://doi.org/10.1145/78969.78972,doi,yes,yes,doi_and_publisher_record_rechecked,2026-09-16,
gareyjohnson,book,1979,Computers and Intractability: A Guide to the Theory of {NP}-Completeness,W. H. Freeman,isbn:978-0-7167-1045-5,isbn,yes,yes,publisher_book_record_rechecked,2026-09-16,ISBN corrected against the publisher/catalog record.
ssdoffline,article,2021,Offline and Online Algorithms for {SSD} Management,Proceedings of the ACM on Measurement and Analysis of Computing Systems,https://doi.org/10.1145/3491045,doi,yes,yes,doi_and_publisher_record_rechecked,2026-09-16,Inherited author/journal metadata corrected against the DOI record.
ssdpred,article,2025,Optimal {SSD} Management with Predictions,Proceedings of the ACM on Measurement and Analysis of Computing Systems,https://doi.org/10.1145/3727122,doi,yes,yes,doi_and_publisher_record_rechecked,2026-09-16,Inherited author/journal metadata corrected against the DOI record.
shards,inproceedings,2015,Efficient {MRC} Construction with {SHARDS},13th USENIX Conference on File and Storage Technologies (FAST 15),https://www.usenix.org/conference/fast15/technical-sessions/presentation/waldspurger,official_url,yes,yes,official_scholarly_page_rechecked,2026-09-16,Peer-reviewed method citation replaces a repository citation in the scholarly bibliography.
qdlp,inproceedings,2023,{FIFO} Can Be Better than {LRU}: The Power of Lazy Promotion and Quick Demotion,19th Workshop on Hot Topics in Operating Systems (HotOS 23),https://doi.org/10.1145/3593856.3595887,doi,yes,yes,doi_and_publisher_record_rechecked,2026-09-16,Peer-reviewed cache-policy citation replaces a repository citation in the scholarly bibliography.
s3fifo,inproceedings,2023,{FIFO} Queues Are All You Need for Cache Eviction,29th ACM Symposium on Operating Systems Principles (SOSP),https://doi.org/10.1145/3600006.3613147,doi,yes,yes,doi_and_publisher_record_rechecked,2026-09-16,Peer-reviewed cache-policy citation added for current FIFO-family context.
