time,key,key_size,value_size,client_id,operation,ttl
0,rgR:9:c:52l1Yc6iVOr,19,107,1,set,30
0,rgR:9:c:NydwmmafYd,18,108,2,set,30
0,rgR:9:c:NYdk2muvLn,18,105,3,set,30
0,rgR:9:c:DGgcIE/voZw,19,107,4,set,30
0,rgR:9:c:P8QmwzpXHIa,19,108,5,set,30
0,rgR:9:c:5XdwCqINpe5,19,109,6,set,30
0,rgR:9:c:59nup7hWjbE,19,109,7,set,30
0,rgR:9:c:PnWJmmZFqt,18,108,8,set,30
0,rgR:9:c:THP+mmnTqp,18,106,9,set,30
0,rgR:9:c:SotfACJkMpg,19,142,10,set,30
0,rgR:9:c:8rIqmbG+F,17,107,11,set,30
0,rgR:9:c:NZ780mXThh,18,106,12,set,30
0,rgR:9:c:TJYw2fPpeqt,19,120,13,set,30
0,rgR:9:c:TxmCSmSaR7,18,108,14,set,30
0,rgR:9:c:rlY2mxkhk,17,106,15,set,30
0,rgR:9:c:Tq0jRmf2RY,18,108,16,set,30
0,rgR:9:c:TWbOwmD+nO,18,107,17,set,30
0,rgR:9:c:PS6fqmjjqa,18,108,18,set,30
0,rgR:9:c:t/vcZg+f5xF,19,30,19,set,30
0,rgR:9:c:DuL7fjPVs4D,19,107,20,set,30
0,rgR:9:c:fgUnKEcPonQ,19,142,21,set,30
0,rgR:9:c:AyfkhhplHsI,19,105,22,set,30
0,rgR:9:c:oFpXrzpRFnJ,19,105,23,set,30
0,rgR:9:c:7AVfxZfCIEx,19,108,24,set,30
0,rgR:9:c:TZowGmYh6M,18,30,25,set,30
0,rgR:9:c:5wGclceeb+V,19,105,26,set,30
0,rgR:9:c:TUNndmO188,18,106,27,set,30
0,rgR:9:c:CVOlmReMV,17,109,28,set,30
0,rgR:9:c:AXt7Ih43I4R,19,106,29,set,30
0,rgR:9:c:P2q7qmy/Ky,18,108,30,set,30
0,rgR:9:c:7D5oJXNY7IF,19,106,18,set,30
0,rgR:9:c:TkaozcGEUDu,19,109,27,set,30
0,rgR:9:c:T6xDlmZv7A,18,107,30,set,30
0,rgR:9:c:7P8ewM8t3tv,19,108,31,set,30
0,rgR:9:c:PVJhqmHfdi,18,107,32,set,30
0,rgR:9:c:zZ30mp/BB,17,107,33,set,30
0,rgR:9:c:PeUXz8CMAMr,19,109,28,set,30
0,rgR:9:c:P/ogJS2mEAa,19,106,34,set,30
0,rgR:9:c:N8n1lm2UBs,18,108,35,set,30
0,rgR:9:c:e2hkZ1v85zl,19,108,36,set,30
0,rgR:9:c:SeelmmR1O,17,30,37,set,30
0,rgR:9:c:Pb7uYO01EmD,19,122,38,set,30
0,rgR:9:c:cpOBmmF7e,17,108,39,set,30
0,rgR:9:c:PHRHvmz12i,18,107,40,set,30
0,rgR:9:c:xfrrmorFW,17,106,41,set,30
0,rgR:9:c:Th2+vmNgtK,18,30,42,set,30
0,rgR:9:c:DxopymMi5+o,19,108,43,set,30
0,rgR:9:c:PburT3B2MyK,19,105,44,set,30
0,rgR:9:c:AT1rmQX7i,17,108,45,set,30
0,rgR:9:c:PfRRmmRjxW,18,108,46,set,30
0,rgR:9:c:TJ6jSmFosb,18,108,47,set,30
0,rgR:9:c:ekO+u0tX/sl,19,107,48,set,30
0,rgR:9:c:TTHImm6T1f,18,107,23,set,30
0,rgR:9:c:P6X7fm/3c6,18,106,49,set,30
0,rgR:9:c:D8k6gM6NLOO,19,120,50,set,30
0,rgR:9:c:TvwCSmkO/y,18,30,51,set,30
0,rgR:9:c:PVKJ0mp/wN,18,30,52,set,30
0,rgR:9:c:NaVWBmk73f,18,108,53,set,30
0,rgR:9:c:J8XZ+AiVMT/,19,30,54,set,30
0,rgR:9:c:D3DBmpjqZ,17,106,55,set,30
0,rgR:9:c:5lIxST2tiBh,19,109,56,set,30
0,rgR:9:c:G+mfmDVNl,17,107,13,set,30
0,rgR:9:c:1t70m37W6,17,105,8,set,30
0,rgR:9:c:NMdOvm9gOz,18,98,57,set,30
0,rgR:9:c:T1ZrRm0S7Z,18,108,58,set,30
0,rgR:9:c:TML3qmHHAj,18,106,59,set,30
0,rgR:9:c:PbDVfmjHwo,18,107,60,set,30
0,rgR:9:c:T4/6GmieOe,18,108,61,set,30
0,rgR:9:c:e5UsL+CPW/w,19,107,62,set,30
0,rgR:9:c:/jLRmR3Yp,17,108,63,set,30
0,rgR:9:c:Pt0ZvmLaDS,18,107,64,set,30
0,rgR:9:c:JvWTRCk22dz,19,106,65,set,30
0,rgR:9:c:Djf1hcHGi0x,19,108,66,set,30
0,rgR:9:c:NgI/lm43So,18,109,67,set,30
0,rgR:9:c:PQCsmmWh42,18,106,49,set,30
0,rgR:9:c:N5HU2mTjh8,18,108,68,set,30
0,rgR:9:c:NgMvdmmury,18,107,69,set,30
0,rgR:9:c:epYopzFdZUZ,19,107,70,set,30
0,rgR:9:c:D0n1jBkS3El,19,109,5,set,30
0,rgR:9:c:oP9RmuCoq,17,106,71,set,30
0,rgR:9:c:PGArfmWPIT,18,30,42,set,30
0,rgR:9:c:PS+jRmISh0,18,105,72,set,30
0,rgR:9:c:Thft0mWYdV,18,108,73,set,30
0,rgR:9:c:TSAEBm2LpP,18,105,74,set,30
0,rgR:9:c:PjCbwm7RBc,18,108,75,set,30
0,rgR:9:c:NGbwGm4sdZ,18,108,23,set,30
0,rgR:9:c:TgVErmTatH,18,107,76,set,30
0,rgR:9:c:JvjfNFjiRCg,19,107,77,set,30
0,rgR:9:c:ffXvmm1QL,17,106,78,set,30
0,rgR:9:c:oyLjNN0ouaF,19,105,79,set,30
0,rgR:9:c:bPFdmn7Ii,17,30,80,set,30
0,rgR:9:c:c+nGM+Lyun,18,108,81,set,30
0,rgR:9:c:7eB92WyxlZq,19,30,82,set,30
0,rgR:9:c:AScT/OqTFpV,19,109,4,set,30
0,rgR:9:c:ofYZrm16zAJ,19,131,22,set,30
0,rgR:9:c:vXiB3dNrfAp,19,107,14,set,30
0,rgR:9:c:R3QvmrLy2,17,109,83,set,30
0,rgR:9:c:DGxL/z7mqrD,19,106,40,set,30
0,rgR:9:c:bdm6cWvWB06,19,106,84,set,30
0,rgR:9:c:AyUde6nkrMf,19,109,44,set,30
0,rgR:9:c:eKefxSatnES,19,109,7,set,30
0,rgR:9:c:PoEMrmxJhx,18,30,85,set,30
0,rgR:9:c:TpsTrmtpbV,18,108,66,set,30
0,rgR:9:c:NBXuvmqoSK,18,109,86,set,30
0,rgR:9:c:PSdVuRvmrcU,19,108,87,set,30
0,rgR:9:c:PtdBnmYyja,18,109,42,set,30
0,rgR:9:c:T7lPSmqmaV,18,108,88,set,30
0,rgR:9:c:PY2qGs0Gutp,19,109,89,set,30
0,rgR:9:c:TDzL2m2QRJ,18,107,90,set,30
0,rgR:9:c:PpnT2mogt5,18,106,91,set,30
0,rgR:9:c:PCrGBmoAeG,18,109,92,set,30
0,rgR:9:c:TtjWGm4L78,18,30,93,set,30
0,rgR:9:c:DCX25ajkF3m,19,108,94,set,30
0,rgR:9:c:9LAfCGIYit,18,107,95,set,30
0,rgR:9:c:eb4fn+a1/Qx,19,106,96,set,30
0,rgR:9:c:erdfItynBeI,19,30,97,set,30
0,rgR:9:c:0d4Nd5gD0J,18,108,98,set,30
0,rgR:9:c:Tvaanml2KI,18,105,99,set,30
0,rgR:9:c:SVQUy5+ApPb,19,107,100,set,30
0,rgR:9:c:tSREEsKIE9D,19,107,101,set,30
0,rgR:9:c:AUuLo6WXQdL,19,104,65,set,30
0,rgR:9:c:NRjSRsSOn+u,19,106,62,set,30
0,rgR:9:c:NipDqmkyVE,18,107,51,set,30
0,rgR:9:c:A2T38RbCu3K,19,109,43,set,30
0,rgR:9:c:NeibCuhb8TE,19,108,100,set,30
0,rgR:9:c:PHqP0mI7at,18,109,102,set,30
0,rgR:9:c:NnJDSm1M5q,18,106,103,set,30
0,rgR:9:c:P92SdmENpe,18,107,104,set,30
