key,file,section_level,section,context
lfs,main.tex,section,Introduction,". The tradeoff appears in log-structured file systems, LSM-tree stores, flash caches, and flash translation layers \cite{lfs,lsm,bigtable,cassandra,rocksdb,f2fs}."
lsm,main.tex,section,Introduction,". The tradeoff appears in log-structured file systems, LSM-tree stores, flash caches, and flash translation layers \cite{lfs,lsm,bigtable,cassandra,rocksdb,f2fs}."
bigtable,main.tex,section,Introduction,". The tradeoff appears in log-structured file systems, LSM-tree stores, flash caches, and flash translation layers \cite{lfs,lsm,bigtable,cassandra,rocksdb,f2fs}."
cassandra,main.tex,section,Introduction,". The tradeoff appears in log-structured file systems, LSM-tree stores, flash caches, and flash translation layers \cite{lfs,lsm,bigtable,cassandra,rocksdb,f2fs}."
rocksdb,main.tex,section,Introduction,". The tradeoff appears in log-structured file systems, LSM-tree stores, flash caches, and flash translation layers \cite{lfs,lsm,bigtable,cassandra,rocksdb,f2fs}."
f2fs,main.tex,section,Introduction,". The tradeoff appears in log-structured file systems, LSM-tree stores, flash caches, and flash translation layers \cite{lfs,lsm,bigtable,cassandra,rocksdb,f2fs}."
wisckey,main.tex,section,Introduction,". Flash-oriented systems reduce writes through admission, data separation, placement, or lifetime grouping \cite{wisckey,hashkv,sepbit,midas,dogi,minos,flashield, kangaroo,ripq}."
hashkv,main.tex,section,Introduction,". Flash-oriented systems reduce writes through admission, data separation, placement, or lifetime grouping \cite{wisckey,hashkv,sepbit,midas,dogi,minos,flashield, kangaroo,ripq}."
sepbit,main.tex,section,Introduction,". Flash-oriented systems reduce writes through admission, data separation, placement, or lifetime grouping \cite{wisckey,hashkv,sepbit,midas,dogi,minos,flashield, kangaroo,ripq}."
midas,main.tex,section,Introduction,". Flash-oriented systems reduce writes through admission, data separation, placement, or lifetime grouping \cite{wisckey,hashkv,sepbit,midas,dogi,minos,flashield, kangaroo,ripq}."
dogi,main.tex,section,Introduction,". Flash-oriented systems reduce writes through admission, data separation, placement, or lifetime grouping \cite{wisckey,hashkv,sepbit,midas,dogi,minos,flashield, kangaroo,ripq}."
minos,main.tex,section,Introduction,". Flash-oriented systems reduce writes through admission, data separation, placement, or lifetime grouping \cite{wisckey,hashkv,sepbit,midas,dogi,minos,flashield, kangaroo,ripq}."
flashield,main.tex,section,Introduction,". Flash-oriented systems reduce writes through admission, data separation, placement, or lifetime grouping \cite{wisckey,hashkv,sepbit,midas,dogi,minos,flashield, kangaroo,ripq}."
kangaroo,main.tex,section,Introduction,". Flash-oriented systems reduce writes through admission, data separation, placement, or lifetime grouping \cite{wisckey,hashkv,sepbit,midas,dogi,minos,flashield, kangaroo,ripq}."
ripq,main.tex,section,Introduction,". Flash-oriented systems reduce writes through admission, data separation, placement, or lifetime grouping \cite{wisckey,hashkv,sepbit,midas,dogi,minos,flashield, kangaroo,ripq}."
monkey,main.tex,section,Introduction,". LSM work tunes merge shapes and scheduling \cite{monkey,dostoevsky,pebblesdb,lethe,compactiondesign,silk,spandb,triad}."
dostoevsky,main.tex,section,Introduction,". LSM work tunes merge shapes and scheduling \cite{monkey,dostoevsky,pebblesdb,lethe,compactiondesign,silk,spandb,triad}."
pebblesdb,main.tex,section,Introduction,". LSM work tunes merge shapes and scheduling \cite{monkey,dostoevsky,pebblesdb,lethe,compactiondesign,silk,spandb,triad}."
lethe,main.tex,section,Introduction,". LSM work tunes merge shapes and scheduling \cite{monkey,dostoevsky,pebblesdb,lethe,compactiondesign,silk,spandb,triad}."
compactiondesign,main.tex,section,Introduction,". LSM work tunes merge shapes and scheduling \cite{monkey,dostoevsky,pebblesdb,lethe,compactiondesign,silk,spandb,triad}."
silk,main.tex,section,Introduction,". LSM work tunes merge shapes and scheduling \cite{monkey,dostoevsky,pebblesdb,lethe,compactiondesign,silk,spandb,triad}."
spandb,main.tex,section,Introduction,". LSM work tunes merge shapes and scheduling \cite{monkey,dostoevsky,pebblesdb,lethe,compactiondesign,silk,spandb,triad}."
triad,main.tex,section,Introduction,". LSM work tunes merge shapes and scheduling \cite{monkey,dostoevsky,pebblesdb,lethe,compactiondesign,silk,spandb,triad}."
midas,main.tex,subsection,Recovery epochs and cost,". Papers on log-structured storage often use user writes as the denominator \cite{midas,sepbit,dogi}; the two values must not be compared without an online workload model."
sepbit,main.tex,subsection,Recovery epochs and cost,". Papers on log-structured storage often use user writes as the denominator \cite{midas,sepbit,dogi}; the two values must not be compared without an online workload model."
dogi,main.tex,subsection,Recovery epochs and cost,". Papers on log-structured storage often use user writes as the denominator \cite{midas,sepbit,dogi}; the two values must not be compared without an online workload model."
bender,main.tex,subsection,Scope and excluded mechanisms,"The abstraction resembles checkpointed reallocation, which already recognizes that old and new copies coexist until a checkpoint \cite{bender}."
stock,main.tex,subsection,Scope and excluded mechanisms,". It also resembles alternating stock-size and storage-management problems \cite{stock,ssdoffline,ssdpred}, and component-limited dynamization \cite{dynamization}."
ssdoffline,main.tex,subsection,Scope and excluded mechanisms,". It also resembles alternating stock-size and storage-management problems \cite{stock,ssdoffline,ssdpred}, and component-limited dynamization \cite{dynamization}."
ssdpred,main.tex,subsection,Scope and excluded mechanisms,". It also resembles alternating stock-size and storage-management problems \cite{stock,ssdoffline,ssdpred}, and component-limited dynamization \cite{dynamization}."
dynamization,main.tex,subsection,Scope and excluded mechanisms,". It also resembles alternating stock-size and storage-management problems \cite{stock,ssdoffline,ssdpred}, and component-limited dynamization \cite{dynamization}."
aries,main.tex,subsection,Crash protocol,"This abstraction follows the long tradition of write-ahead logging and ordered metadata updates \cite{aries,softupdates,featherstitch,nofs}."
softupdates,main.tex,subsection,Crash protocol,"This abstraction follows the long tradition of write-ahead logging and ordered metadata updates \cite{aries,softupdates,featherstitch,nofs}."
featherstitch,main.tex,subsection,Crash protocol,"This abstraction follows the long tradition of write-ahead logging and ordered metadata updates \cite{aries,softupdates,featherstitch,nofs}."
nofs,main.tex,subsection,Crash protocol,"This abstraction follows the long tradition of write-ahead logging and ordered metadata updates \cite{aries,softupdates,featherstitch,nofs}."
alice,main.tex,subsection,Crash protocol,". Verified and tested file systems demonstrate much richer contracts \cite{alice,fscq,ccfs,dfscq,crashmonkey,yggdrasil,chipmunk,squirrelfs,scftl}."
fscq,main.tex,subsection,Crash protocol,". Verified and tested file systems demonstrate much richer contracts \cite{alice,fscq,ccfs,dfscq,crashmonkey,yggdrasil,chipmunk,squirrelfs,scftl}."
ccfs,main.tex,subsection,Crash protocol,". Verified and tested file systems demonstrate much richer contracts \cite{alice,fscq,ccfs,dfscq,crashmonkey,yggdrasil,chipmunk,squirrelfs,scftl}."
dfscq,main.tex,subsection,Crash protocol,". Verified and tested file systems demonstrate much richer contracts \cite{alice,fscq,ccfs,dfscq,crashmonkey,yggdrasil,chipmunk,squirrelfs,scftl}."
crashmonkey,main.tex,subsection,Crash protocol,". Verified and tested file systems demonstrate much richer contracts \cite{alice,fscq,ccfs,dfscq,crashmonkey,yggdrasil,chipmunk,squirrelfs,scftl}."
yggdrasil,main.tex,subsection,Crash protocol,". Verified and tested file systems demonstrate much richer contracts \cite{alice,fscq,ccfs,dfscq,crashmonkey,yggdrasil,chipmunk,squirrelfs,scftl}."
chipmunk,main.tex,subsection,Crash protocol,". Verified and tested file systems demonstrate much richer contracts \cite{alice,fscq,ccfs,dfscq,crashmonkey,yggdrasil,chipmunk,squirrelfs,scftl}."
squirrelfs,main.tex,subsection,Crash protocol,". Verified and tested file systems demonstrate much richer contracts \cite{alice,fscq,ccfs,dfscq,crashmonkey,yggdrasil,chipmunk,squirrelfs,scftl}."
scftl,main.tex,subsection,Crash protocol,". Verified and tested file systems demonstrate much richer contracts \cite{alice,fscq,ccfs,dfscq,crashmonkey,yggdrasil,chipmunk,squirrelfs,scftl}."
twittertraces,main.tex,subsection,Public-trace mechanism tests,.~\cite{twittertraces}.
silk,main.tex,subsection,Policy cost without feasibility differences,". A practical system would also trade migration cost against foreground latency, hit retention, device parallelism, and compaction debt \cite{silk,cachelib,segcache,sieve,lhd}."
cachelib,main.tex,subsection,Policy cost without feasibility differences,". A practical system would also trade migration cost against foreground latency, hit retention, device parallelism, and compaction debt \cite{silk,cachelib,segcache,sieve,lhd}."
segcache,main.tex,subsection,Policy cost without feasibility differences,". A practical system would also trade migration cost against foreground latency, hit retention, device parallelism, and compaction debt \cite{silk,cachelib,segcache,sieve,lhd}."
sieve,main.tex,subsection,Policy cost without feasibility differences,". A practical system would also trade migration cost against foreground latency, hit retention, device parallelism, and compaction debt \cite{silk,cachelib,segcache,sieve,lhd}."
lhd,main.tex,subsection,Policy cost without feasibility differences,". A practical system would also trade migration cost against foreground latency, hit retention, device parallelism, and compaction debt \cite{silk,cachelib,segcache,sieve,lhd}."
lfs,main.tex,section,Related Work and Boundary,".} The LFS and LSM-tree established append-and-clean organization \cite{lfs,lsm}; bLSM and the LSM survey connect merge organization to bounded latency and the broader design space \cite{blsm,lsmsurvey}."
lsm,main.tex,section,Related Work and Boundary,".} The LFS and LSM-tree established append-and-clean organization \cite{lfs,lsm}; bLSM and the LSM survey connect merge organization to bounded latency and the broader design space \cite{blsm,lsmsurvey}."
blsm,main.tex,section,Related Work and Boundary,".} The LFS and LSM-tree established append-and-clean organization \cite{lfs,lsm}; bLSM and the LSM survey connect merge organization to bounded latency and the broader design space \cite{blsm,lsmsurvey}."
lsmsurvey,main.tex,section,Related Work and Boundary,".} The LFS and LSM-tree established append-and-clean organization \cite{lfs,lsm}; bLSM and the LSM survey connect merge organization to bounded latency and the broader design space \cite{blsm,lsmsurvey}."
bigtable,main.tex,section,Related Work and Boundary,". Bigtable, Dynamo, Cassandra, and RocksDB brought related structures to production key-value systems \cite{bigtable,dynamo,cassandra,rocksdb}."
dynamo,main.tex,section,Related Work and Boundary,". Bigtable, Dynamo, Cassandra, and RocksDB brought related structures to production key-value systems \cite{bigtable,dynamo,cassandra,rocksdb}."
cassandra,main.tex,section,Related Work and Boundary,". Bigtable, Dynamo, Cassandra, and RocksDB brought related structures to production key-value systems \cite{bigtable,dynamo,cassandra,rocksdb}."
rocksdb,main.tex,section,Related Work and Boundary,". Bigtable, Dynamo, Cassandra, and RocksDB brought related structures to production key-value systems \cite{bigtable,dynamo,cassandra,rocksdb}."
wisckey,main.tex,section,Related Work and Boundary,". Key/value separation and fragmented or tuned merge structures reduce I/O amplification through different layouts \cite{wisckey,pebblesdb,slimdb,lethe,accordion,hashkv,slmdb}."
pebblesdb,main.tex,section,Related Work and Boundary,". Key/value separation and fragmented or tuned merge structures reduce I/O amplification through different layouts \cite{wisckey,pebblesdb,slimdb,lethe,accordion,hashkv,slmdb}."
slimdb,main.tex,section,Related Work and Boundary,". Key/value separation and fragmented or tuned merge structures reduce I/O amplification through different layouts \cite{wisckey,pebblesdb,slimdb,lethe,accordion,hashkv,slmdb}."
lethe,main.tex,section,Related Work and Boundary,". Key/value separation and fragmented or tuned merge structures reduce I/O amplification through different layouts \cite{wisckey,pebblesdb,slimdb,lethe,accordion,hashkv,slmdb}."
accordion,main.tex,section,Related Work and Boundary,". Key/value separation and fragmented or tuned merge structures reduce I/O amplification through different layouts \cite{wisckey,pebblesdb,slimdb,lethe,accordion,hashkv,slmdb}."
hashkv,main.tex,section,Related Work and Boundary,". Key/value separation and fragmented or tuned merge structures reduce I/O amplification through different layouts \cite{wisckey,pebblesdb,slimdb,lethe,accordion,hashkv,slmdb}."
slmdb,main.tex,section,Related Work and Boundary,". Key/value separation and fragmented or tuned merge structures reduce I/O amplification through different layouts \cite{wisckey,pebblesdb,slimdb,lethe,accordion,hashkv,slmdb}."
monkey,main.tex,section,Related Work and Boundary,". Monkey and Dostoevsky optimize read/write/space tradeoffs; the compaction study systematizes triggers, layout, granularity, and movement \cite{monkey,dostoevsky,compactiondesign}."
dostoevsky,main.tex,section,Related Work and Boundary,". Monkey and Dostoevsky optimize read/write/space tradeoffs; the compaction study systematizes triggers, layout, granularity, and movement \cite{monkey,dostoevsky,compactiondesign}."
compactiondesign,main.tex,section,Related Work and Boundary,". Monkey and Dostoevsky optimize read/write/space tradeoffs; the compaction study systematizes triggers, layout, granularity, and movement \cite{monkey,dostoevsky,compactiondesign}."
triad,main.tex,section,Related Work and Boundary,". TRIAD, SILK, and SpanDB manage memory, logs, storage classes, and foreground interference \cite{triad,silk,spandb}."
silk,main.tex,section,Related Work and Boundary,". TRIAD, SILK, and SpanDB manage memory, logs, storage classes, and foreground interference \cite{triad,silk,spandb}."
spandb,main.tex,section,Related Work and Boundary,". TRIAD, SILK, and SpanDB manage memory, logs, storage classes, and foreground interference \cite{triad,silk,spandb}."
sepbit,main.tex,section,Related Work and Boundary,"SepBIT, MiDAS, DOGI, and MINOS group data by invalidation behavior or oracle information to reduce future cleaning \cite{sepbit,midas,dogi,minos}."
midas,main.tex,section,Related Work and Boundary,"SepBIT, MiDAS, DOGI, and MINOS group data by invalidation behavior or oracle information to reduce future cleaning \cite{sepbit,midas,dogi,minos}."
dogi,main.tex,section,Related Work and Boundary,"SepBIT, MiDAS, DOGI, and MINOS group data by invalidation behavior or oracle information to reduce future cleaning \cite{sepbit,midas,dogi,minos}."
minos,main.tex,section,Related Work and Boundary,"SepBIT, MiDAS, DOGI, and MINOS group data by invalidation behavior or oracle information to reduce future cleaning \cite{sepbit,midas,dogi,minos}."
f2fs,main.tex,section,Related Work and Boundary,. F2FS adapts log structure to flash \cite{f2fs}.
belady,main.tex,section,Related Work and Boundary,".} Classical replacement ranges from optimal offline replacement through 2Q, LIRS, ARC, CLOCK-Pro, TinyLFU, and size-aware admission \cite{belady,twoq,lirs,arc,clockpro,tinylfu,adaptsize}."
twoq,main.tex,section,Related Work and Boundary,".} Classical replacement ranges from optimal offline replacement through 2Q, LIRS, ARC, CLOCK-Pro, TinyLFU, and size-aware admission \cite{belady,twoq,lirs,arc,clockpro,tinylfu,adaptsize}."
lirs,main.tex,section,Related Work and Boundary,".} Classical replacement ranges from optimal offline replacement through 2Q, LIRS, ARC, CLOCK-Pro, TinyLFU, and size-aware admission \cite{belady,twoq,lirs,arc,clockpro,tinylfu,adaptsize}."
arc,main.tex,section,Related Work and Boundary,".} Classical replacement ranges from optimal offline replacement through 2Q, LIRS, ARC, CLOCK-Pro, TinyLFU, and size-aware admission \cite{belady,twoq,lirs,arc,clockpro,tinylfu,adaptsize}."
clockpro,main.tex,section,Related Work and Boundary,".} Classical replacement ranges from optimal offline replacement through 2Q, LIRS, ARC, CLOCK-Pro, TinyLFU, and size-aware admission \cite{belady,twoq,lirs,arc,clockpro,tinylfu,adaptsize}."
tinylfu,main.tex,section,Related Work and Boundary,".} Classical replacement ranges from optimal offline replacement through 2Q, LIRS, ARC, CLOCK-Pro, TinyLFU, and size-aware admission \cite{belady,twoq,lirs,arc,clockpro,tinylfu,adaptsize}."
adaptsize,main.tex,section,Related Work and Boundary,".} Classical replacement ranges from optimal offline replacement through 2Q, LIRS, ARC, CLOCK-Pro, TinyLFU, and size-aware admission \cite{belady,twoq,lirs,arc,clockpro,tinylfu,adaptsize}."
qdlp,main.tex,section,Related Work and Boundary,". QDLP, S3-FIFO, LHD, SIEVE, and learned or future-aware policies revisit promotion and eviction under modern traces \cite{qdlp,s3fifo,lhd,sieve,lrb,seer}; SHARDS provides an efficient, explicitly sampled route to miss-ratio curves \cite{shards}."
s3fifo,main.tex,section,Related Work and Boundary,". QDLP, S3-FIFO, LHD, SIEVE, and learned or future-aware policies revisit promotion and eviction under modern traces \cite{qdlp,s3fifo,lhd,sieve,lrb,seer}; SHARDS provides an efficient, explicitly sampled route to miss-ratio curves \cite{shards}."
lhd,main.tex,section,Related Work and Boundary,". QDLP, S3-FIFO, LHD, SIEVE, and learned or future-aware policies revisit promotion and eviction under modern traces \cite{qdlp,s3fifo,lhd,sieve,lrb,seer}; SHARDS provides an efficient, explicitly sampled route to miss-ratio curves \cite{shards}."
sieve,main.tex,section,Related Work and Boundary,". QDLP, S3-FIFO, LHD, SIEVE, and learned or future-aware policies revisit promotion and eviction under modern traces \cite{qdlp,s3fifo,lhd,sieve,lrb,seer}; SHARDS provides an efficient, explicitly sampled route to miss-ratio curves \cite{shards}."
lrb,main.tex,section,Related Work and Boundary,". QDLP, S3-FIFO, LHD, SIEVE, and learned or future-aware policies revisit promotion and eviction under modern traces \cite{qdlp,s3fifo,lhd,sieve,lrb,seer}; SHARDS provides an efficient, explicitly sampled route to miss-ratio curves \cite{shards}."
seer,main.tex,section,Related Work and Boundary,". QDLP, S3-FIFO, LHD, SIEVE, and learned or future-aware policies revisit promotion and eviction under modern traces \cite{qdlp,s3fifo,lhd,sieve,lrb,seer}; SHARDS provides an efficient, explicitly sampled route to miss-ratio curves \cite{shards}."
shards,main.tex,section,Related Work and Boundary,". QDLP, S3-FIFO, LHD, SIEVE, and learned or future-aware policies revisit promotion and eviction under modern traces \cite{qdlp,s3fifo,lhd,sieve,lrb,seer}; SHARDS provides an efficient, explicitly sampled route to miss-ratio curves \cite{shards}."
memc3,main.tex,section,Related Work and Boundary,". MemC3, Facebook's memcache, Segcache, and CacheLib focus on memory efficiency and scalable serving \cite{memc3,facebookmemcache,segcache,cachelib}."
facebookmemcache,main.tex,section,Related Work and Boundary,". MemC3, Facebook's memcache, Segcache, and CacheLib focus on memory efficiency and scalable serving \cite{memc3,facebookmemcache,segcache,cachelib}."
segcache,main.tex,section,Related Work and Boundary,". MemC3, Facebook's memcache, Segcache, and CacheLib focus on memory efficiency and scalable serving \cite{memc3,facebookmemcache,segcache,cachelib}."
cachelib,main.tex,section,Related Work and Boundary,". MemC3, Facebook's memcache, Segcache, and CacheLib focus on memory efficiency and scalable serving \cite{memc3,facebookmemcache,segcache,cachelib}."
flashield,main.tex,section,Related Work and Boundary,". Flashield, RIPQ, Kangaroo, SILT, and FAWN expose the interaction of object caching, flash writes, and log organization \cite{flashield,ripq,kangaroo,silt,fawn}."
ripq,main.tex,section,Related Work and Boundary,". Flashield, RIPQ, Kangaroo, SILT, and FAWN expose the interaction of object caching, flash writes, and log organization \cite{flashield,ripq,kangaroo,silt,fawn}."
kangaroo,main.tex,section,Related Work and Boundary,". Flashield, RIPQ, Kangaroo, SILT, and FAWN expose the interaction of object caching, flash writes, and log organization \cite{flashield,ripq,kangaroo,silt,fawn}."
silt,main.tex,section,Related Work and Boundary,". Flashield, RIPQ, Kangaroo, SILT, and FAWN expose the interaction of object caching, flash writes, and log organization \cite{flashield,ripq,kangaroo,silt,fawn}."
fawn,main.tex,section,Related Work and Boundary,". Flashield, RIPQ, Kangaroo, SILT, and FAWN expose the interaction of object caching, flash writes, and log organization \cite{flashield,ripq,kangaroo,silt,fawn}."
twittertraces,main.tex,section,Related Work and Boundary,. Twitter's cluster study documents workload diversity \cite{twittertraces}.
aries,main.tex,section,Related Work and Boundary,".} ARIES, soft updates, generalized dependencies, and ordering-free designs show several ways to preserve crash invariants \cite{aries,softupdates,featherstitch, nofs}."
softupdates,main.tex,section,Related Work and Boundary,".} ARIES, soft updates, generalized dependencies, and ordering-free designs show several ways to preserve crash invariants \cite{aries,softupdates,featherstitch, nofs}."
featherstitch,main.tex,section,Related Work and Boundary,".} ARIES, soft updates, generalized dependencies, and ordering-free designs show several ways to preserve crash invariants \cite{aries,softupdates,featherstitch, nofs}."
nofs,main.tex,section,Related Work and Boundary,".} ARIES, soft updates, generalized dependencies, and ordering-free designs show several ways to preserve crash invariants \cite{aries,softupdates,featherstitch, nofs}."
alice,main.tex,section,Related Work and Boundary,". ALICE and CrashMonkey expose application and filesystem ordering bugs; FSCQ, DFSCQ, Yggdrasil, and SCFTL provide stronger formal assurance; Chipmunk and SquirrelFS advance persistent-memory testing and type-checked ordering \cite{alice,crashmonkey,fscq,dfscq,yggdrasil,scftl,chipmunk,squirrelfs}."
crashmonkey,main.tex,section,Related Work and Boundary,". ALICE and CrashMonkey expose application and filesystem ordering bugs; FSCQ, DFSCQ, Yggdrasil, and SCFTL provide stronger formal assurance; Chipmunk and SquirrelFS advance persistent-memory testing and type-checked ordering \cite{alice,crashmonkey,fscq,dfscq,yggdrasil,scftl,chipmunk,squirrelfs}."
fscq,main.tex,section,Related Work and Boundary,". ALICE and CrashMonkey expose application and filesystem ordering bugs; FSCQ, DFSCQ, Yggdrasil, and SCFTL provide stronger formal assurance; Chipmunk and SquirrelFS advance persistent-memory testing and type-checked ordering \cite{alice,crashmonkey,fscq,dfscq,yggdrasil,scftl,chipmunk,squirrelfs}."
dfscq,main.tex,section,Related Work and Boundary,". ALICE and CrashMonkey expose application and filesystem ordering bugs; FSCQ, DFSCQ, Yggdrasil, and SCFTL provide stronger formal assurance; Chipmunk and SquirrelFS advance persistent-memory testing and type-checked ordering \cite{alice,crashmonkey,fscq,dfscq,yggdrasil,scftl,chipmunk,squirrelfs}."
yggdrasil,main.tex,section,Related Work and Boundary,". ALICE and CrashMonkey expose application and filesystem ordering bugs; FSCQ, DFSCQ, Yggdrasil, and SCFTL provide stronger formal assurance; Chipmunk and SquirrelFS advance persistent-memory testing and type-checked ordering \cite{alice,crashmonkey,fscq,dfscq,yggdrasil,scftl,chipmunk,squirrelfs}."
scftl,main.tex,section,Related Work and Boundary,". ALICE and CrashMonkey expose application and filesystem ordering bugs; FSCQ, DFSCQ, Yggdrasil, and SCFTL provide stronger formal assurance; Chipmunk and SquirrelFS advance persistent-memory testing and type-checked ordering \cite{alice,crashmonkey,fscq,dfscq,yggdrasil,scftl,chipmunk,squirrelfs}."
chipmunk,main.tex,section,Related Work and Boundary,". ALICE and CrashMonkey expose application and filesystem ordering bugs; FSCQ, DFSCQ, Yggdrasil, and SCFTL provide stronger formal assurance; Chipmunk and SquirrelFS advance persistent-memory testing and type-checked ordering \cite{alice,crashmonkey,fscq,dfscq,yggdrasil,scftl,chipmunk,squirrelfs}."
squirrelfs,main.tex,section,Related Work and Boundary,". ALICE and CrashMonkey expose application and filesystem ordering bugs; FSCQ, DFSCQ, Yggdrasil, and SCFTL provide stronger formal assurance; Chipmunk and SquirrelFS advance persistent-memory testing and type-checked ordering \cite{alice,crashmonkey,fscq,dfscq,yggdrasil,scftl,chipmunk,squirrelfs}."
bender,main.tex,section,Related Work and Boundary,.} Cost-oblivious storage reallocation explicitly budgets old/new coexistence and checkpoint-delayed reclamation \cite{bender}.
stock,main.tex,section,Related Work and Boundary,. Alternating stock size studies bounded signed prefixes \cite{stock}; competitive dynamization studies online component rebuilding \cite{dynamization}; external-memory analysis supplies a broader I/O framework \cite{av}.
dynamization,main.tex,section,Related Work and Boundary,. Alternating stock size studies bounded signed prefixes \cite{stock}; competitive dynamization studies online component rebuilding \cite{dynamization}; external-memory analysis supplies a broader I/O framework \cite{av}.
av,main.tex,section,Related Work and Boundary,. Alternating stock size studies bounded signed prefixes \cite{stock}; competitive dynamization studies online component rebuilding \cite{dynamization}; external-memory analysis supplies a broader I/O framework \cite{av}.
ssdoffline,main.tex,section,Related Work and Boundary,". SSD-management theory treats data grouping and cleaning with and without predictions \cite{ssdoffline,ssdpred}."
ssdpred,main.tex,section,Related Work and Boundary,". SSD-management theory treats data grouping and cleaning with and without predictions \cite{ssdoffline,ssdpred}."
linearizability,main.tex,section,Related Work and Boundary,". Linearizability supplies a standard language for atomic publication, although our single-threaded metadata commit needs only a much simpler atomicity assumption \cite{linearizability}."
gareyjohnson,main.tex,section,Related Work and Boundary,". The retained boundary artifact contains final-fit deadlocks, a legal-choice deadlock, and a direct all-live 3-PARTITION reduction using the classical strongly NP-complete problem \cite{gareyjohnson}."
dogi,supplement.tex,section,Closest-Work Separation,".39\textwidth}} \toprule Line of work & Primary question in cited work & Boundary of this paper \\ \midrule Log structuring and cleaning \cite{dogi,lfs,lsm} & Organizes writes and selects cleaning or compaction work."
lfs,supplement.tex,section,Closest-Work Separation,".39\textwidth}} \toprule Line of work & Primary question in cited work & Boundary of this paper \\ \midrule Log structuring and cleaning \cite{dogi,lfs,lsm} & Organizes writes and selects cleaning or compaction work."
lsm,supplement.tex,section,Closest-Work Separation,".39\textwidth}} \toprule Line of work & Primary question in cited work & Boundary of this paper \\ \midrule Log structuring and cleaning \cite{dogi,lfs,lsm} & Organizes writes and selects cleaning or compaction work."
compactiondesign,supplement.tex,section,Closest-Work Separation,". \\ LSM compaction and write amplification \cite{compactiondesign,flashield,lsm} & Optimizes merge policies, levels, runs, or key/value placement."
flashield,supplement.tex,section,Closest-Work Separation,". \\ LSM compaction and write amplification \cite{compactiondesign,flashield,lsm} & Optimizes merge policies, levels, runs, or key/value placement."
lsm,supplement.tex,section,Closest-Work Separation,". \\ LSM compaction and write amplification \cite{compactiondesign,flashield,lsm} & Optimizes merge policies, levels, runs, or key/value placement."
twittertraces,supplement.tex,section,Closest-Work Separation,". \\ Tiered caching and public traces \cite{twittertraces,adaptsize,arc} & Studies admission, eviction, miss ratio, or workload properties."
adaptsize,supplement.tex,section,Closest-Work Separation,". \\ Tiered caching and public traces \cite{twittertraces,adaptsize,arc} & Studies admission, eviction, miss ratio, or workload properties."
arc,supplement.tex,section,Closest-Work Separation,". \\ Tiered caching and public traces \cite{twittertraces,adaptsize,arc} & Studies admission, eviction, miss ratio, or workload properties."
alice,supplement.tex,section,Closest-Work Separation,". \\ Crash consistency and persistent updates \cite{alice,chipmunk,ccfs} & Defines persistence ordering, atomicity, and recovery mechanisms."
chipmunk,supplement.tex,section,Closest-Work Separation,". \\ Crash consistency and persistent updates \cite{alice,chipmunk,ccfs} & Defines persistence ordering, atomicity, and recovery mechanisms."
ccfs,supplement.tex,section,Closest-Work Separation,". \\ Crash consistency and persistent updates \cite{alice,chipmunk,ccfs} & Defines persistence ordering, atomicity, and recovery mechanisms."
