path,total_lines,code_lines,sha256
run.py,1128,1054,aa8ff820fe956e6bda457df262fc9c4991d0dc690b9c9ce88ed2adb58978acdc
verify_results.py,153,135,ab55ef5fb8915523640e1ce75c43d11669d4ddf4e0de54e497589749c3fc2907
verify_unordered_boundary.py,27,24,8ca64ebb6833abb24972d40677b0925d8664d9288c970a44d44c0a00fa934c13
validate_reference_audit.py,336,307,978e058ad3726762491b2a1c2568c98a3e76d9028c35e298325f4479541cf8b7
run_unordered_boundary.py,185,172,8ac758563ae3592a07ea55a58ff9130a73d9abf5c4fa9edaaa27a2cc553a07bf
tests/test_independent_audit.py,59,50,be50935275c8c76c023376b9c1dbb4e27c262a870553bfb245a74a84d522fdba
tests/test_reference_audit.py,66,56,8a7ca9dd5f626724b1f4d56329fe58568d2ae8a6f8bcd53f3ca226052516ac7a
tests/test_epoch_model.py,266,240,138340d1cf436ca4eac6dcb4e2b9db83501735dbdadc937ef1d6a82175b69faa
tests/test_unordered_boundary.py,69,67,271ef4c916964ec1435c9f2fcba3f9a3ee430376a77686ce15f87029f90fc961
reviewer-audit/verify_release.py,69,63,46dcb7f8fcf5f4436e29c800bc4336f99bbc296942f4cf049e10a2b2a954a548
src/epoch_dp.py,488,446,95206bdf26fd87210fda94c0f17b3a1fd14b23375ca41ada0efb88698c51ff9e
src/independent_audit.py,127,110,f4e797451b61933d382b3e24d788590c73d1e7ee3866614a7f3c6022395b1d82
src/oracle.py,100,94,2e88329dc70aba90af7277d11b365be4fe24083d27dedaf174ef6ecff447e16b
src/certificates.py,24,21,0fc1812b90a327bf3eff70feec55a1aa796a5bd861e9369b4ae2b364c9dc518a
src/epoch_policies.py,158,133,defee865e1638eb83731575ff8fb439b4471b675e68dd899a5cd7bc788e6e004
src/check_certificate.py,67,63,fcd62707f467cae44144e40d19eccc4d27ac0923ba66b309a514a2fa8089b3d8
src/epoch_model.py,292,247,c345c6a332c1269d8a29ecd6bb1649e582434f9844a05679b7f5f410e7d7be5d
src/recovery.py,50,47,a32b84c333a39859452d4d5fd7f25e8cb99dd0445b9f659976d83f770c95656e
src/model.py,83,76,aac3ec334d3c314bcd43d6565f67e2b03df86dd5f19d505bc09fe380f50e619d
src/trace_model.py,213,195,a8ef7ccfb123e19ad5528880395f8d074a7787e71befa0cbb63c811679b6f550
src/epoch_recovery.py,185,166,5a6c3a956afe304736e2d73c45b4197ea0ff937de854938961f494b87f136260
