path,rows,columns
/mnt/data/final_blind_review_work/extracted/write-amplification-frontiers-tiered-log-structured-caches/artifact/results/frontier/baseline-summary.csv,4,"['policy', 'frontier_instances', 'completed', 'blocked', 'completion_rate', 'optimal_among_completed', 'optimal_fraction_among_completed', 'median_cost_over_opt', 'p95_cost_over_opt', 'max_cost_over_opt']"
/mnt/data/final_blind_review_work/extracted/write-amplification-frontiers-tiered-log-structured-caches/artifact/results/frontier/frontier-cases.csv,5184,"['case_id', 'pattern_id', 'f0', 'f1', 'final_fit', 'status', 'cost', 'lower_bound', 'batches', 'total_live', 'solver_states', 'solver_transitions', 'oracle_status', 'oracle_cost', 'oracle_states', 'oracle_transitions', 'independent_status', 'independent_cost', 'independent_states', 'independent_transitions', 'scan_status', 'scan_steps', 'one_epoch_optimum', 'lru-tiered-proxy_status', 'lru-tiered-proxy_cost', 'leveled-proxy_status', 'leveled-proxy_cost', 'size-tiered-proxy_status', 'size-tiered-proxy_cost', 'gain-per-write_status', 'gain-per-write_cost']"
/mnt/data/final_blind_review_work/extracted/write-amplification-frontiers-tiered-log-structured-caches/artifact/results/frontier/grid-0.csv,63504,"['case_id', 'pattern_id', 'f0', 'f1', 'final_fit', 'status', 'cost', 'lower_bound', 'batches', 'total_live', 'solver_states', 'solver_transitions', 'oracle_status', 'oracle_cost', 'oracle_states', 'oracle_transitions', 'independent_status', 'independent_cost', 'independent_states', 'independent_transitions', 'scan_status', 'scan_steps', 'one_epoch_optimum', 'lru-tiered-proxy_status', 'lru-tiered-proxy_cost', 'leveled-proxy_status', 'leveled-proxy_cost', 'size-tiered-proxy_status', 'size-tiered-proxy_cost', 'gain-per-write_status', 'gain-per-write_cost']"
/mnt/data/final_blind_review_work/extracted/write-amplification-frontiers-tiered-log-structured-caches/artifact/results/frontier/grid-1.csv,63504,"['case_id', 'pattern_id', 'f0', 'f1', 'final_fit', 'status', 'cost', 'lower_bound', 'batches', 'total_live', 'solver_states', 'solver_transitions', 'oracle_status', 'oracle_cost', 'oracle_states', 'oracle_transitions', 'independent_status', 'independent_cost', 'independent_states', 'independent_transitions', 'scan_status', 'scan_steps', 'one_epoch_optimum', 'lru-tiered-proxy_status', 'lru-tiered-proxy_cost', 'leveled-proxy_status', 'leveled-proxy_cost', 'size-tiered-proxy_status', 'size-tiered-proxy_cost', 'gain-per-write_status', 'gain-per-write_cost']"
/mnt/data/final_blind_review_work/extracted/write-amplification-frontiers-tiered-log-structured-caches/artifact/results/frontier/grid-2.csv,63504,"['case_id', 'pattern_id', 'f0', 'f1', 'final_fit', 'status', 'cost', 'lower_bound', 'batches', 'total_live', 'solver_states', 'solver_transitions', 'oracle_status', 'oracle_cost', 'oracle_states', 'oracle_transitions', 'independent_status', 'independent_cost', 'independent_states', 'independent_transitions', 'scan_status', 'scan_steps', 'one_epoch_optimum', 'lru-tiered-proxy_status', 'lru-tiered-proxy_cost', 'leveled-proxy_status', 'leveled-proxy_cost', 'size-tiered-proxy_status', 'size-tiered-proxy_cost', 'gain-per-write_status', 'gain-per-write_cost']"
/mnt/data/final_blind_review_work/extracted/write-amplification-frontiers-tiered-log-structured-caches/artifact/results/frontier/grid-3.csv,63504,"['case_id', 'pattern_id', 'f0', 'f1', 'final_fit', 'status', 'cost', 'lower_bound', 'batches', 'total_live', 'solver_states', 'solver_transitions', 'oracle_status', 'oracle_cost', 'oracle_states', 'oracle_transitions', 'independent_status', 'independent_cost', 'independent_states', 'independent_transitions', 'scan_status', 'scan_steps', 'one_epoch_optimum', 'lru-tiered-proxy_status', 'lru-tiered-proxy_cost', 'leveled-proxy_status', 'leveled-proxy_cost', 'size-tiered-proxy_status', 'size-tiered-proxy_cost', 'gain-per-write_status', 'gain-per-write_cost']"
/mnt/data/final_blind_review_work/extracted/write-amplification-frontiers-tiered-log-structured-caches/artifact/results/frontier/sensitivity.csv,6,"['label', 'quantum', 'commit_bytes', 'instances', 'at_lower_bound_fraction', 'median_cost_over_lower_bound', 'p95_cost_over_lower_bound', 'max_cost_over_lower_bound', 'median_cost_units']"
/mnt/data/final_blind_review_work/extracted/write-amplification-frontiers-tiered-log-structured-caches/artifact/results/frontier/slack-curve.csv,7,"['extra_total_reserve_units', 'patterns', 'lower_bound_fraction', 'median_cost_over_lower_bound', 'p95_cost_over_lower_bound', 'max_cost_over_lower_bound', 'median_physical_over_live', 'p95_physical_over_live', 'max_physical_over_live']"
/mnt/data/final_blind_review_work/extracted/write-amplification-frontiers-tiered-log-structured-caches/artifact/results/frontier/trace-results.csv,8,"['dataset', 'window_index', 'row_start', 'row_end', 'rows', 'unique_objects', 'segments', 'tier0_segments', 'tier1_segments', 'occupied_bytes', 'live_bytes', 'minimal_balanced_slack_units', 'extra_slack_units', 'free0_units', 'free1_units', 'allocation_unit_bytes', 'page_bytes', 'commit_bytes', 'exact_cost_units', 'exact_cost_bytes', 'exact_batches', 'lower_bound_units', 'exact_over_lower_bound', 'exact_physical_over_live', 'lru-tiered-proxy_status', 'lru-tiered-proxy_cost_units', 'lru-tiered-proxy_over_exact', 'leveled-proxy_status', 'leveled-proxy_cost_units', 'leveled-proxy_over_exact', 'size-tiered-proxy_status', 'size-tiered-proxy_cost_units', 'size-tiered-proxy_over_exact', 'gain-per-write_status', 'gain-per-write_cost_units', 'gain-per-write_over_exact']"
/mnt/data/final_blind_review_work/extracted/write-amplification-frontiers-tiered-log-structured-caches/artifact/results/frontier/unit-exchange-frontier.csv,64,"['segments_per_tier', 'reserve_each_tier', 'total_reserve', 'quantum', 'commit_bytes', 'exact_batches', 'formula_batches', 'exact_cost', 'formula_cost', 'physical_over_live', 'cost_over_one_epoch_lower_bound']"
/mnt/data/final_blind_review_work/extracted/write-amplification-frontiers-tiered-log-structured-caches/artifact/results/unordered-boundary/boundary.csv,4096,"['max_into_0', 'max_into_1', 'blocked_f0', 'blocked_f1', 'blocked', 'plus_one_into_0_safe', 'plus_one_into_1_safe']"
/mnt/data/final_blind_review_work/extracted/write-amplification-frontiers-tiered-log-structured-caches/artifact/results/unordered-boundary/frontiers.csv,8,"['case', 'f0', 'f1']"
/mnt/data/final_blind_review_work/extracted/write-amplification-frontiers-tiered-log-structured-caches/artifact/results/unordered-boundary/oracle-00.csv,8192,"['case', 'runs', 'f0', 'f1', 'final_fits', 'feasible', 'guard', 'any_deadlock', 'fifo_complete', 'small_complete', 'large_complete', 'garbage_complete', 'chunk_feasible', 'subset_states', 'chunk_states', 'permutations_tried']"
/mnt/data/final_blind_review_work/extracted/write-amplification-frontiers-tiered-log-structured-caches/artifact/results/unordered-boundary/oracle-01.csv,8192,"['case', 'runs', 'f0', 'f1', 'final_fits', 'feasible', 'guard', 'any_deadlock', 'fifo_complete', 'small_complete', 'large_complete', 'garbage_complete', 'chunk_feasible', 'subset_states', 'chunk_states', 'permutations_tried']"
/mnt/data/final_blind_review_work/extracted/write-amplification-frontiers-tiered-log-structured-caches/artifact/results/unordered-boundary/oracle-02.csv,8192,"['case', 'runs', 'f0', 'f1', 'final_fits', 'feasible', 'guard', 'any_deadlock', 'fifo_complete', 'small_complete', 'large_complete', 'garbage_complete', 'chunk_feasible', 'subset_states', 'chunk_states', 'permutations_tried']"
/mnt/data/final_blind_review_work/extracted/write-amplification-frontiers-tiered-log-structured-caches/artifact/results/unordered-boundary/oracle-03.csv,8192,"['case', 'runs', 'f0', 'f1', 'final_fits', 'feasible', 'guard', 'any_deadlock', 'fifo_complete', 'small_complete', 'large_complete', 'garbage_complete', 'chunk_feasible', 'subset_states', 'chunk_states', 'permutations_tried']"
/mnt/data/final_blind_review_work/extracted/write-amplification-frontiers-tiered-log-structured-caches/artifact/results/unordered-boundary/oracle-04.csv,8192,"['case', 'runs', 'f0', 'f1', 'final_fits', 'feasible', 'guard', 'any_deadlock', 'fifo_complete', 'small_complete', 'large_complete', 'garbage_complete', 'chunk_feasible', 'subset_states', 'chunk_states', 'permutations_tried']"
/mnt/data/final_blind_review_work/extracted/write-amplification-frontiers-tiered-log-structured-caches/artifact/results/unordered-boundary/oracle-05.csv,8192,"['case', 'runs', 'f0', 'f1', 'final_fits', 'feasible', 'guard', 'any_deadlock', 'fifo_complete', 'small_complete', 'large_complete', 'garbage_complete', 'chunk_feasible', 'subset_states', 'chunk_states', 'permutations_tried']"
/mnt/data/final_blind_review_work/extracted/write-amplification-frontiers-tiered-log-structured-caches/artifact/results/unordered-boundary/oracle-06.csv,8192,"['case', 'runs', 'f0', 'f1', 'final_fits', 'feasible', 'guard', 'any_deadlock', 'fifo_complete', 'small_complete', 'large_complete', 'garbage_complete', 'chunk_feasible', 'subset_states', 'chunk_states', 'permutations_tried']"
/mnt/data/final_blind_review_work/extracted/write-amplification-frontiers-tiered-log-structured-caches/artifact/results/unordered-boundary/oracle-07.csv,8140,"['case', 'runs', 'f0', 'f1', 'final_fits', 'feasible', 'guard', 'any_deadlock', 'fifo_complete', 'small_complete', 'large_complete', 'garbage_complete', 'chunk_feasible', 'subset_states', 'chunk_states', 'permutations_tried']"
