segments_per_tier,reserve_each_tier,total_reserve,quantum,commit_bytes,exact_batches,formula_batches,exact_cost,formula_cost,physical_over_live,cost_over_one_epoch_lower_bound
16,1,2,32,1,17,17,561,561,17.53125,8.5
16,2,4,32,1,9,9,297,297,9.28125,4.5
16,3,6,32,1,7,7,231,231,7.21875,3.5
16,4,8,32,1,5,5,165,165,5.15625,2.5
16,5,10,32,1,5,5,165,165,5.15625,2.5
16,6,12,32,1,4,4,132,132,4.125,2.0
16,7,14,32,1,4,4,132,132,4.125,2.0
16,8,16,32,1,3,3,99,99,3.09375,1.5
16,9,18,32,1,3,3,99,99,3.09375,1.5
16,10,20,32,1,3,3,99,99,3.09375,1.5
16,11,22,32,1,3,3,99,99,3.09375,1.5
16,12,24,32,1,3,3,99,99,3.09375,1.5
16,13,26,32,1,3,3,99,99,3.09375,1.5
16,14,28,32,1,3,3,99,99,3.09375,1.5
16,15,30,32,1,3,3,99,99,3.09375,1.5
16,16,32,32,1,2,2,66,66,2.0625,1.0
32,1,2,32,1,33,33,1089,1089,17.015625,16.5
32,2,4,32,1,17,17,561,561,8.765625,8.5
32,3,6,32,1,12,12,396,396,6.1875,6.0
32,4,8,32,1,9,9,297,297,4.640625,4.5
32,5,10,32,1,8,8,264,264,4.125,4.0
32,6,12,32,1,7,7,231,231,3.609375,3.5
32,7,14,32,1,6,6,198,198,3.09375,3.0
32,8,16,32,1,5,5,165,165,2.578125,2.5
32,9,18,32,1,5,5,165,165,2.578125,2.5
32,10,20,32,1,5,5,165,165,2.578125,2.5
32,11,22,32,1,4,4,132,132,2.0625,2.0
32,12,24,32,1,4,4,132,132,2.0625,2.0
32,13,26,32,1,4,4,132,132,2.0625,2.0
32,14,28,32,1,4,4,132,132,2.0625,2.0
32,15,30,32,1,4,4,132,132,2.0625,2.0
32,16,32,32,1,3,3,99,99,1.546875,1.5
64,1,2,32,1,65,65,2145,2145,16.7578125,16.5
64,2,4,32,1,33,33,1089,1089,8.5078125,8.376923076923077
64,3,6,32,1,23,23,759,759,5.9296875,5.838461538461538
64,4,8,32,1,17,17,561,561,4.3828125,4.315384615384615
64,5,10,32,1,14,14,462,462,3.609375,3.5538461538461537
64,6,12,32,1,12,12,396,396,3.09375,3.046153846153846
64,7,14,32,1,11,11,363,363,2.8359375,2.792307692307692
64,8,16,32,1,9,9,297,297,2.3203125,2.2846153846153845
64,9,18,32,1,9,9,297,297,2.3203125,2.2846153846153845
64,10,20,32,1,8,8,264,264,2.0625,2.0307692307692307
64,11,22,32,1,7,7,231,231,1.8046875,1.7769230769230768
64,12,24,32,1,7,7,231,231,1.8046875,1.7769230769230768
64,13,26,32,1,6,6,198,198,1.546875,1.523076923076923
64,14,28,32,1,6,6,198,198,1.546875,1.523076923076923
64,15,30,32,1,6,6,198,198,1.546875,1.523076923076923
64,16,32,32,1,5,5,165,165,1.2890625,1.2692307692307692
128,1,2,32,1,129,129,4257,4257,16.62890625,16.5
128,2,4,32,1,65,65,2145,2145,8.37890625,8.313953488372093
128,3,6,32,1,44,44,1452,1452,5.671875,5.627906976744186
128,4,8,32,1,33,33,1089,1089,4.25390625,4.22093023255814
128,5,10,32,1,27,27,891,891,3.48046875,3.453488372093023
128,6,12,32,1,23,23,759,759,2.96484375,2.941860465116279
128,7,14,32,1,20,20,660,660,2.578125,2.558139534883721
128,8,16,32,1,17,17,561,561,2.19140625,2.1744186046511627
128,9,18,32,1,16,16,528,528,2.0625,2.046511627906977
128,10,20,32,1,14,14,462,462,1.8046875,1.7906976744186047
128,11,22,32,1,13,13,429,429,1.67578125,1.6627906976744187
128,12,24,32,1,12,12,396,396,1.546875,1.5348837209302326
128,13,26,32,1,11,11,363,363,1.41796875,1.4069767441860466
128,14,28,32,1,11,11,363,363,1.41796875,1.4069767441860466
128,15,30,32,1,10,10,330,330,1.2890625,1.2790697674418605
128,16,32,32,1,9,9,297,297,1.16015625,1.1511627906976745
